current_url,type,status,title,clicks,impressions,ctr,position,topic_cluster,priority,recommended_action,proposed_next_url,redirect_required,notes
https://dralirezasadighi.com/elementor-6252/,post,publish,انواع روش های افزایش حجم گونه,0,21,0.0,13.52,facial-cosmetic-surgery,P0,redirect-to-service-page,/fa/services/facial-cosmetic-surgery,yes,High-value but short/duplicative content — fold into /fa/services/facial-cosmetic-surgery rather than a thin standalone page.
https://dralirezasadighi.com/ایمپلنت-ساب-پریوستئال-دیجیتال/,post,publish,ایمپلنت ساب پریوستئال دیجیتال,3,115,0.0261,32.38,advanced-dental-implant,P0,redirect-to-service-page,/fa/services/advanced-dental-implant,yes,High-value but short/duplicative content — fold into /fa/services/advanced-dental-implant rather than a thin standalone page.
https://dralirezasadighi.com/توضیحاتی-در-مورد-ایمپلنت-دیجیتال/,post,publish,توضیحاتی در مورد ایمپلنت دیجیتال,0,8,0.0,4.75,advanced-dental-implant,P1,merge-into-service-page,/fa/services/advanced-dental-implant,yes,Supporting content for advanced-dental-implant — merge into /fa/services/advanced-dental-implant; redirect only because this URL carries some traffic.
https://dralirezasadighi.com/جراحی-فک-به-روش-دیجیتال/,post,publish,جراحی فک به روش دیجیتال,5,226,0.0221,34.8,orthognathic-surgery,P1,merge-into-service-page,/fa/services/orthognathic-surgery,yes,Supporting content for orthognathic-surgery — merge into /fa/services/orthognathic-surgery; redirect only because this URL carries some traffic.
https://dralirezasadighi.com/انواع-روش-های-جراحی-چانه/,post,publish,انواع روش های جراحی چانه,1,1239,0.0008,46.98,orthognathic-surgery,P0,redirect-to-service-page,/fa/services/orthognathic-surgery,yes,High-value but short/duplicative content — fold into /fa/services/orthognathic-surgery rather than a thin standalone page.
https://dralirezasadighi.com/?p=6511,post,draft,نحوه استراحت بعد از جراحی پلک,0,0,0.0,0.0,blepharoplasty,P3,do-not-migrate,,no,"No content, no Elementor data, no Aparat embed, and zero Search Console signal — safe to leave out."
https://dralirezasadighi.com/استفاده-از-تکنولوژی-دیجیتال-در-جراحی-ف/,post,publish,استفاده از تکنولوژی دیجیتال در جراحی فک,0,94,0.0,6.0,orthognathic-surgery,P1,merge-into-service-page,/fa/services/orthognathic-surgery,yes,Supporting content for orthognathic-surgery — merge into /fa/services/orthognathic-surgery; redirect only because this URL carries some traffic.
https://dralirezasadighi.com/رینوپلاستی-بینی-گوشتی/,post,publish,رینوپلاستی بینی گوشتی,0,10,0.0,10.0,rhinoplasty,P1,merge-into-service-page,/fa/services/rhinoplasty,yes,Supporting content for rhinoplasty — merge into /fa/services/rhinoplasty; redirect only because this URL carries some traffic.
https://dralirezasadighi.com/بلفاروپلاستی/,post,publish,بلفاروپلاستی,17,9481,0.0018,8.18,blepharoplasty,P0,needs-manual-review,/fa/knowledge/بلفاروپلاستی,yes,"DATA ISSUE: 2 WordPress posts (post_ids 7168, 7212) share this exact live URL — WordPress can only serve one of them. Resolve which post is canonical before deciding a migration target. Substantial standalone article on core topic (blepharoplasty); migrate into Knowledge Center as its own article and redirect old URL to it; cross-link from /fa/services/facial-cosmetic-surgery."
https://dralirezasadighi.com/رینوپلاستی-چیست؟/,post,publish,رینوپلاستی چیست؟,9,515,0.0175,47.05,rhinoplasty,P0,migrate-to-knowledge-center,/fa/knowledge/رینوپلاستی-چیست؟,yes,Substantial standalone article on core topic (rhinoplasty); migrate into Knowledge Center as its own article and redirect old URL to it; cross-link from /fa/services/rhinoplasty.
https://dralirezasadighi.com/آشنایی-با-انواع-عمل-جراحی-زیبایی-صورت/,post,publish,آشنایی با انواع عمل جراحی زیبایی صورت,9,2287,0.0039,57.22,facial-cosmetic-surgery,P0,migrate-to-knowledge-center,/fa/knowledge/آشنایی-با-انواع-عمل-جراحی-زیبایی-صورت,yes,Substantial standalone article on core topic (facial-cosmetic-surgery); migrate into Knowledge Center as its own article and redirect old URL to it; cross-link from /fa/services/facial-cosmetic-surgery.
https://dralirezasadighi.com/شکاف-لب-و-کام-چیست؟/,post,publish,شکاف لب و کام چیست؟,0,205,0.0,27.91,uncategorized,P1,needs-manual-review,,yes,Traffic present but topic unclear from title/categories/slug — classify manually before deciding redirect target.
https://dralirezasadighi.com/مراقبت-بینی/,post,publish,مراقبت های قبل و بعد از جراحی بینی,0,0,0.0,0.0,rhinoplasty,P0,migrate-to-knowledge-center,/fa/knowledge/مراقبت-بینی,yes,Substantial standalone article on core topic (rhinoplasty); migrate into Knowledge Center as its own article and redirect old URL to it; cross-link from /fa/services/rhinoplasty.
https://dralirezasadighi.com/نگاهی-به-انواع-جراحی-دندان-و-آشنایی-با-م/,post,publish,نگاهی به انواع جراحی دندان و آشنایی با مراقبت های بعد از آن,10,748,0.0134,21.12,care-instructions,P0,needs-manual-review,/fa/care-instructions,yes,Care-instruction content without a clear match to an existing care topic — review before mapping.
https://dralirezasadighi.com/مراقبت-های-جراحی-ایمپلنت/,post,publish,مراقبت های جراحی ایمپلنت,9,343,0.0262,34.53,advanced-dental-implant,P0,migrate-to-knowledge-center,/fa/knowledge/مراقبت-های-جراحی-ایمپلنت,yes,Substantial standalone article on core topic (advanced-dental-implant); migrate into Knowledge Center as its own article and redirect old URL to it; cross-link from /fa/services/advanced-dental-implant.
https://dralirezasadighi.com/elementor-7929/,post,publish,ارتودنسی دندان + همه چیز درباره آن,0,74,0.0,36.07,general-dental,P1,migrate-to-knowledge-center,,yes,General dental content with some traffic — migrate as a standalone Knowledge Center article.
https://dralirezasadighi.com/مراقبت-جراحی-بینی/,post,publish,مراقبت جراحی رینوپلاستی (بینی),6,110,0.0545,22.28,rhinoplasty,P0,migrate-to-knowledge-center,/fa/knowledge/مراقبت-جراحی-بینی,yes,Substantial standalone article on core topic (rhinoplasty); migrate into Knowledge Center as its own article and redirect old URL to it; cross-link from /fa/services/rhinoplasty.
https://dralirezasadighi.com/مراقبت-جراحی-بلفاروپلاستی-ابرو/,post,publish,مراقبت جراحی بلفاروپلاستی (ابرو),0,60,0.0,9.82,blepharoplasty,P0,migrate-to-knowledge-center,/fa/knowledge/مراقبت-جراحی-بلفاروپلاستی-ابرو,yes,Substantial standalone article on core topic (blepharoplasty); migrate into Knowledge Center as its own article and redirect old URL to it; cross-link from /fa/services/facial-cosmetic-surgery.
https://dralirezasadighi.com/مراقبت-جراحی-فک/,post,publish,مراقبت جراحی فک,19,736,0.0258,12.13,orthognathic-surgery,P0,migrate-to-knowledge-center,/fa/knowledge/مراقبت-جراحی-فک,yes,Substantial standalone article on core topic (orthognathic-surgery); migrate into Knowledge Center as its own article and redirect old URL to it; cross-link from /fa/services/orthognathic-surgery.
https://dralirezasadighi.com/بلیچینگ-دندان؛-راهی-برای-داشتن-لبخندی/,post,publish,بلیچینگ دندان؛ راهی برای داشتن لبخندی درخشان‌تر,0,0,0.0,0.0,general-dental,P2,needs-manual-review,,no,"General dental content, low/no signal — confirm relevance before migrating."
https://dralirezasadighi.com/پل-دندان-یا-بریج-دندان-چیست؟/,post,publish,پل دندان یا بریج دندان چیست؟,1,466,0.0021,25.09,general-dental,P0,migrate-to-knowledge-center,,yes,General dental content with some traffic — migrate as a standalone Knowledge Center article.
https://dralirezasadighi.com/درمان-ریشه-و-عصب-کشی-چه-تفاوتی-دارند؟/,post,publish,درمان ریشه و عصب کشی چه تفاوتی دارند؟,4,379,0.0106,21.04,uncategorized,P0,needs-manual-review,,yes,Traffic present but topic unclear from title/categories/slug — classify manually before deciding redirect target.
https://dralirezasadighi.com/کامپوزیت-دندان؛-آشنایی-با-انواع،-مزای/,post,publish,کامپوزیت دندان؛ آشنایی با انواع، مزایا و هزینه کامپوزیت دندان,0,989,0.0,40.52,general-dental,P0,migrate-to-knowledge-center,,yes,General dental content with some traffic — migrate as a standalone Knowledge Center article.
https://dralirezasadighi.com/لمینت-دندان؛-راهکاری-نوین-در-ترمیم،-و-ز/,post,publish,لمینت دندان؛ راهکاری نوین در ترمیم، و زیبایی دندان‌ها,0,1,0.0,9.0,general-dental,P1,migrate-to-knowledge-center,,yes,General dental content with some traffic — migrate as a standalone Knowledge Center article.
https://dralirezasadighi.com/ماسک-دندان-چیست-و-چه-کاربردی-دارد؟/,post,publish,ماسک دندان چیست و چه کاربردی دارد؟,5,1471,0.0034,6.24,general-dental,P0,migrate-to-knowledge-center,,yes,General dental content with some traffic — migrate as a standalone Knowledge Center article.
https://dralirezasadighi.com/همه-آنچه-باید-در-مورد-ایمپلنت-دندان-بدا/,post,publish,همه آنچه باید در مورد ایمپلنت دندان بدانید!,0,2,0.0,10.0,advanced-dental-implant,P0,migrate-to-knowledge-center,/fa/knowledge/همه-آنچه-باید-در-مورد-ایمپلنت-دندان-بدا,yes,Substantial standalone article on core topic (advanced-dental-implant); migrate into Knowledge Center as its own article and redirect old URL to it; cross-link from /fa/services/advanced-dental-implant.
https://dralirezasadighi.com/جراحی-فک-و-مواردی-که-باید-بدانید/,post,publish,جراحی فک و مواردی که باید بدانید,3,84,0.0357,28.73,orthognathic-surgery,P0,migrate-to-knowledge-center,/fa/knowledge/جراحی-فک-و-مواردی-که-باید-بدانید,yes,Substantial standalone article on core topic (orthognathic-surgery); migrate into Knowledge Center as its own article and redirect old URL to it; cross-link from /fa/services/orthognathic-surgery.
https://dralirezasadighi.com/مراقبتهای-قبل-از-عمل-لیفت/,post,publish,مراقبتهای قبل از عمل لیفت,4,40,0.1,7.1,facial-cosmetic-surgery,P0,migrate-to-knowledge-center,/fa/knowledge/مراقبتهای-قبل-از-عمل-لیفت,yes,Substantial standalone article on core topic (facial-cosmetic-surgery); migrate into Knowledge Center as its own article and redirect old URL to it; cross-link from /fa/services/facial-cosmetic-surgery.
https://dralirezasadighi.com/مراقبت-بعد-از-جراحی-دندان-عقل/,post,publish,مراقبت بعد از جراحی دندان عقل,8,188,0.0426,26.72,impacted-tooth-surgery,P0,migrate-to-knowledge-center,/fa/knowledge/مراقبت-بعد-از-جراحی-دندان-عقل,yes,Substantial standalone article on core topic (impacted-tooth-surgery); migrate into Knowledge Center as its own article and redirect old URL to it; cross-link from /fa/services/impacted-tooth-surgery.
https://dralirezasadighi.com/جراحی-دیجیتال-فک/,post,publish,جراحی دیجیتال فک,41,385,0.1065,4.39,orthognathic-surgery,P0,migrate-to-knowledge-center,/fa/knowledge/جراحی-دیجیتال-فک,yes,Substantial standalone article on core topic (orthognathic-surgery); migrate into Knowledge Center as its own article and redirect old URL to it; cross-link from /fa/services/orthognathic-surgery.
https://dralirezasadighi.com/سینوس-لیفت-چیست؟/,post,publish,سینوس لیفت چیست؟,0,1,0.0,10.0,orthognathic-surgery,P0,migrate-to-knowledge-center,/fa/knowledge/سینوس-لیفت-چیست؟,yes,Substantial standalone article on core topic (orthognathic-surgery); migrate into Knowledge Center as its own article and redirect old URL to it; cross-link from /fa/services/orthognathic-surgery.
https://dralirezasadighi.com/cas-چیست-و-کاربرد-های-آن/,post,publish,CAS چیست و کاربرد های آن,57,2972,0.0192,5.98,orthognathic-surgery,P0,migrate-to-knowledge-center,/fa/knowledge/cas-چیست-و-کاربرد-های-آن,yes,Substantial standalone article on core topic (orthognathic-surgery); migrate into Knowledge Center as its own article and redirect old URL to it; cross-link from /fa/services/orthognathic-surgery.
https://dralirezasadighi.com/همه-چیز-در-مورد-رینوپلاستی/,post,publish,همه چیز در مورد رینوپلاستی,0,2,0.0,3.5,rhinoplasty,P0,migrate-to-knowledge-center,/fa/knowledge/همه-چیز-در-مورد-رینوپلاستی,yes,Substantial standalone article on core topic (rhinoplasty); migrate into Knowledge Center as its own article and redirect old URL to it; cross-link from /fa/services/rhinoplasty.
https://dralirezasadighi.com/همه-چیز-در-مورد-دندان-عقل/,post,publish,همه چیز در مورد دندان عقل,6,348,0.0172,30.07,impacted-tooth-surgery,P0,migrate-to-knowledge-center,/fa/knowledge/همه-چیز-در-مورد-دندان-عقل,yes,Substantial standalone article on core topic (impacted-tooth-surgery); migrate into Knowledge Center as its own article and redirect old URL to it; cross-link from /fa/services/impacted-tooth-surgery.
https://dralirezasadighi.com/ایمپلنت-یک-روزه/,post,publish,ایمپلنت یک روزه,0,47,0.0,23.62,advanced-dental-implant,P0,migrate-to-knowledge-center,/fa/knowledge/ایمپلنت-یک-روزه,yes,Substantial standalone article on core topic (advanced-dental-implant); migrate into Knowledge Center as its own article and redirect old URL to it; cross-link from /fa/services/advanced-dental-implant.
https://dralirezasadighi.com/دندان-قروچه/,post,publish,دندان قروچه,8,292,0.0274,14.04,general-dental,P1,migrate-to-knowledge-center,,yes,General dental content with some traffic — migrate as a standalone Knowledge Center article.
https://dralirezasadighi.com/پیوند-استخوان-برای-ایمپلنتهای-دندان/,post,publish,پیوند استخوان برای ایمپلنت‌های دندانی: چرا و چه زمانی به این جراحی نیاز داریم؟,0,12,0.0,13.25,advanced-dental-implant,P0,migrate-to-knowledge-center,/fa/knowledge/پیوند-استخوان-برای-ایمپلنتهای-دندان,yes,Substantial standalone article on core topic (advanced-dental-implant); migrate into Knowledge Center as its own article and redirect old URL to it; cross-link from /fa/services/advanced-dental-implant.
https://dralirezasadighi.com/جراحی-سینوس-لیفت-چیست؟/,post,publish,جراحی سینوس لیفت چیست؟,9,809,0.0111,29.59,care-instructions,P0,redirect-to-knowledge-article,/fa/care-instructions/sinus-lift-care,yes,Old care post overlaps the existing care-instructions/sinus-lift-care page; redirect instead of duplicating.
https://dralirezasadighi.com/25-سوال-متداول-در-مورد-جراحی-لیفت-صورت-که/,post,publish,25 سوال متداول در مورد جراحی لیفت صورت,58,929,0.0624,19.29,facial-cosmetic-surgery,P0,migrate-to-knowledge-center,/fa/knowledge/25-سوال-متداول-در-مورد-جراحی-لیفت-صورت-که,yes,Substantial standalone article on core topic (facial-cosmetic-surgery); migrate into Knowledge Center as its own article and redirect old URL to it; cross-link from /fa/services/facial-cosmetic-surgery.
https://dralirezasadighi.com/25-سوال-متداول-در-مورد-جراحی-زیبایی-بین/,post,publish, 25 سوال متداول در مورد جراحی زیبایی بینی,60,1129,0.0531,6.89,rhinoplasty,P0,migrate-to-knowledge-center,/fa/knowledge/25-سوال-متداول-در-مورد-جراحی-زیبایی-بین,yes,Substantial standalone article on core topic (rhinoplasty); migrate into Knowledge Center as its own article and redirect old URL to it; cross-link from /fa/services/rhinoplasty.
https://dralirezasadighi.com/مراقبتهای-قبل-و-بعد-از-جراحی-سینوس-لی/,post,publish,مراقبت‌های قبل و بعد از جراحی سینوس لیفت,36,778,0.0463,13.1,care-instructions,P0,redirect-to-knowledge-article,/fa/care-instructions/sinus-lift-care,yes,Old care post overlaps the existing care-instructions/sinus-lift-care page; redirect instead of duplicating.
https://dralirezasadighi.com/جراحی-فک-چیست-و-چرا-انجام-میشود؟/,post,publish,جراحی فک چیست و چرا انجام می‌شود؟,5,1113,0.0045,50.33,orthognathic-surgery,P0,migrate-to-knowledge-center,/fa/knowledge/جراحی-فک-چیست-و-چرا-انجام-میشود؟,yes,Substantial standalone article on core topic (orthognathic-surgery); migrate into Knowledge Center as its own article and redirect old URL to it; cross-link from /fa/services/orthognathic-surgery.
https://dralirezasadighi.com/25-سوال-متداول-در-مورد-جراحی-چانه-و-زاویه/,post,publish,26 سوال متداول در مورد جراحی چانه و زاویه‌سازی فک,84,2947,0.0285,9.82,orthognathic-surgery,P0,migrate-to-knowledge-center,/fa/knowledge/25-سوال-متداول-در-مورد-جراحی-چانه-و-زاویه,yes,Substantial standalone article on core topic (orthognathic-surgery); migrate into Knowledge Center as its own article and redirect old URL to it; cross-link from /fa/services/orthognathic-surgery.
https://dralirezasadighi.com/25-سوال-متداول-در-مورد-جراحی-دندان-عقل-نه/,post,publish,25 سوال متداول در مورد جراحی دندان عقل نهفته,141,2541,0.0555,7.55,impacted-tooth-surgery,P0,migrate-to-knowledge-center,/fa/knowledge/25-سوال-متداول-در-مورد-جراحی-دندان-عقل-نه,yes,Substantial standalone article on core topic (impacted-tooth-surgery); migrate into Knowledge Center as its own article and redirect old URL to it; cross-link from /fa/services/impacted-tooth-surgery.
https://dralirezasadighi.com/راهنمای-جامع-ایمپلنت-دندان-در-تبریز/,post,publish,راهنمای جامع ایمپلنت دندان در تبریز,50,234,0.2137,34.65,advanced-dental-implant,P0,migrate-to-knowledge-center,/fa/knowledge/راهنمای-جامع-ایمپلنت-دندان-در-تبریز,yes,Substantial standalone article on core topic (advanced-dental-implant); migrate into Knowledge Center as its own article and redirect old URL to it; cross-link from /fa/services/advanced-dental-implant.
https://dralirezasadighi.com/رضایت-بیمار-از-جراحی-بینی/,post,publish,رضایت بیمار از جراحی بینی,1,158,0.0063,5.78,rhinoplasty,P0,redirect-to-service-page,/fa/services/rhinoplasty,yes,High-value but short/duplicative content — fold into /fa/services/rhinoplasty rather than a thin standalone page.
https://dralirezasadighi.com/رضایت-بیمار-از-جراحی-فک/,post,publish,رضایت بیمار از جراحی فک,12,192,0.0625,16.3,orthognathic-surgery,P0,redirect-to-service-page,/fa/services/orthognathic-surgery,yes,High-value but short/duplicative content — fold into /fa/services/orthognathic-surgery rather than a thin standalone page.
https://dralirezasadighi.com/رضایت-بیمار-از-جراحی-فک-بالا-و-پایین/,post,publish,رضایت بیمار از جراحی فک بالا و پایین,2,16,0.125,7.0,orthognathic-surgery,P0,redirect-to-service-page,/fa/services/orthognathic-surgery,yes,High-value but short/duplicative content — fold into /fa/services/orthognathic-surgery rather than a thin standalone page.
https://dralirezasadighi.com/رضایت-بیمار-پس-از-جراحی-بلفاروپلاستی/,post,publish,رضایت بیمار پس از جراحی بلفاروپلاستی,7,110,0.0636,6.25,blepharoplasty,P0,redirect-to-service-page,/fa/services/facial-cosmetic-surgery,yes,High-value but short/duplicative content — fold into /fa/services/facial-cosmetic-surgery rather than a thin standalone page.
https://dralirezasadighi.com/ایمپلنت-اشترومن-در-تبریز/,post,publish,ایمپلنت اشترومن در تبریز,63,1201,0.0525,17.36,advanced-dental-implant,P0,migrate-to-knowledge-center,/fa/knowledge/ایمپلنت-اشترومن-در-تبریز,yes,Substantial standalone article on core topic (advanced-dental-implant); migrate into Knowledge Center as its own article and redirect old URL to it; cross-link from /fa/services/advanced-dental-implant.
https://dralirezasadighi.com/بهترین-جراح-فک-در-تبریز-راهنمای-کامل-ا/,post,publish,بهترین جراح فک در تبریز - راهنمای کامل انتخاب و نکات مهم,59,5148,0.0115,9.63,orthognathic-surgery,P0,migrate-to-knowledge-center,/fa/knowledge/بهترین-جراح-فک-در-تبریز-راهنمای-کامل-ا,yes,Substantial standalone article on core topic (orthognathic-surgery); migrate into Knowledge Center as its own article and redirect old URL to it; cross-link from /fa/services/orthognathic-surgery.
https://dralirezasadighi.com/جراحی-بینی-به-سبک-اروپایی-زیبایی-و-تقا/,post,publish,جراحی بینی به سبک اروپایی : زیبایی و تقارن در اوج هنر پزشکی,530,12515,0.0423,2.63,rhinoplasty,P0,migrate-to-knowledge-center,/fa/knowledge/جراحی-بینی-به-سبک-اروپایی-زیبایی-و-تقا,yes,Substantial standalone article on core topic (rhinoplasty); migrate into Knowledge Center as its own article and redirect old URL to it; cross-link from /fa/services/rhinoplasty.
https://dralirezasadighi.com/انواع-تزریق-چربی-میکروفت،-نانوفت-و-سای/,post,publish,انواع تزریق چربی: میکروفت، نانوفت و سایرین,42,1571,0.0267,7.22,uncategorized,P0,needs-manual-review,,yes,Traffic present but topic unclear from title/categories/slug — classify manually before deciding redirect target.
https://dralirezasadighi.com/لیپوساکشن-و-تزریق-چربی-روشهای-نوین-ج/,post,publish,لیپوساکشن و تزریق چربی - روش‌های نوین جوانسازی صورت برای زیبایی و طراوت بیشتر,4,521,0.0077,42.25,facial-cosmetic-surgery,P0,migrate-to-knowledge-center,/fa/knowledge/لیپوساکشن-و-تزریق-چربی-روشهای-نوین-ج,yes,Substantial standalone article on core topic (facial-cosmetic-surgery); migrate into Knowledge Center as its own article and redirect old URL to it; cross-link from /fa/services/facial-cosmetic-surgery.
https://dralirezasadighi.com/بوتاکس-برای-جوانسازی-پیشانی-و-دور-چشم-ر/,post,publish,بوتاکس برای جوانسازی پیشانی و دور چشم: راز زیبایی بی‌نقص,3,315,0.0095,15.71,facial-cosmetic-surgery,P0,migrate-to-knowledge-center,/fa/knowledge/بوتاکس-برای-جوانسازی-پیشانی-و-دور-چشم-ر,yes,Substantial standalone article on core topic (facial-cosmetic-surgery); migrate into Knowledge Center as its own article and redirect old URL to it; cross-link from /fa/services/facial-cosmetic-surgery.
https://dralirezasadighi.com/تزریق-بوتاکس-برای-از-بین-بردن-دندان-قرو/,post,publish,تزریق بوتاکس برای از بین بردن دندان قروچه راهکاری نوین و مؤثر,44,1167,0.0377,8.22,facial-cosmetic-surgery,P0,migrate-to-knowledge-center,/fa/knowledge/تزریق-بوتاکس-برای-از-بین-بردن-دندان-قرو,yes,Substantial standalone article on core topic (facial-cosmetic-surgery); migrate into Knowledge Center as its own article and redirect old URL to it; cross-link from /fa/services/facial-cosmetic-surgery.
https://dralirezasadighi.com/25-سوال-متداول-در-مورد-جراحی-چانه-و-زاویه-2/,post,publish,25 سوال متداول در مورد جراحی چانه و زاویه‌سازی فک,31,1081,0.0287,15.33,orthognathic-surgery,P0,migrate-to-knowledge-center,/fa/knowledge/25-سوال-متداول-در-مورد-جراحی-چانه-و-زاویه-2,yes,Substantial standalone article on core topic (orthognathic-surgery); migrate into Knowledge Center as its own article and redirect old URL to it; cross-link from /fa/services/orthognathic-surgery.
https://dralirezasadighi.com/25-سوال-متداول-در-مورد-تزریق-فیلر-به-ناحی/,post,publish,25 سوال متداول در مورد تزریق فیلر به ناحیه صورت,100,1399,0.0715,7.65,facial-cosmetic-surgery,P0,migrate-to-knowledge-center,/fa/knowledge/25-سوال-متداول-در-مورد-تزریق-فیلر-به-ناحی,yes,Substantial standalone article on core topic (facial-cosmetic-surgery); migrate into Knowledge Center as its own article and redirect old URL to it; cross-link from /fa/services/facial-cosmetic-surgery.
https://dralirezasadighi.com/25-سوال-متداول-در-مورد-تزریق-بوتاکس-برای/,post,publish,25 سوال متداول در مورد تزریق بوتاکس برای جوانسازی پیشانی، دور چشم و درمان دندان قروچه,7,471,0.0149,8.53,facial-cosmetic-surgery,P0,migrate-to-knowledge-center,/fa/knowledge/25-سوال-متداول-در-مورد-تزریق-بوتاکس-برای,yes,Substantial standalone article on core topic (facial-cosmetic-surgery); migrate into Knowledge Center as its own article and redirect old URL to it; cross-link from /fa/services/facial-cosmetic-surgery.
https://dralirezasadighi.com/25-سوال-متداول-در-مورد-جراحی-لیفت-ابرو-و-ش/,post,publish,25 سوال متداول در مورد جراحی لیفت ابرو و شقیقه,368,13789,0.0267,14.88,facial-cosmetic-surgery,P0,migrate-to-knowledge-center,/fa/knowledge/25-سوال-متداول-در-مورد-جراحی-لیفت-ابرو-و-ش,yes,Substantial standalone article on core topic (facial-cosmetic-surgery); migrate into Knowledge Center as its own article and redirect old URL to it; cross-link from /fa/services/facial-cosmetic-surgery.
https://dralirezasadighi.com/25-سوال-متداول-در-مورد-جراحی-تزریق-چربی/,post,publish,25 سوال متداول در مورد جراحی تزریق چربی,101,1558,0.0648,6.67,care-instructions,P0,needs-manual-review,/fa/care-instructions,yes,"DATA ISSUE: 2 WordPress posts (post_ids 8597, 13413) share this exact live URL — WordPress can only serve one of them. Resolve which post is canonical before deciding a migration target. Care-instruction content without a clear match to an existing care topic — review before mapping."
https://dralirezasadighi.com/بهترین-متخصص-ایمپلنت-تبریز-و-معرفی-دکت/,post,publish,بهترین متخصص ایمپلنت تبریز و معرفی دکتر علیرضا صدیقی,286,19515,0.0147,11.35,advanced-dental-implant,P0,migrate-to-knowledge-center,/fa/knowledge/بهترین-متخصص-ایمپلنت-تبریز-و-معرفی-دکت,yes,Substantial standalone article on core topic (advanced-dental-implant); migrate into Knowledge Center as its own article and redirect old URL to it; cross-link from /fa/services/advanced-dental-implant.
https://dralirezasadighi.com/دلایل-و-مزایا-اهمیت-انجام-ارتودنسی-قبل/,post,publish,دلایل و مزایا اهمیت انجام ارتودنسی قبل از جراحی فک,5,296,0.0169,27.18,orthognathic-surgery,P0,migrate-to-knowledge-center,/fa/knowledge/دلایل-و-مزایا-اهمیت-انجام-ارتودنسی-قبل,yes,Substantial standalone article on core topic (orthognathic-surgery); migrate into Knowledge Center as its own article and redirect old URL to it; cross-link from /fa/services/orthognathic-surgery.
https://dralirezasadighi.com/جراحی-دندان-عقل-در-تهران-و-تبریز-چرا-ان/,post,publish,جراحی دندان عقل در تهران و تبریز: چرا انتخاب کلینیک دکتر علیرضا صدیقی بهترین گزینه است؟,2,62,0.0323,28.5,impacted-tooth-surgery,P0,migrate-to-knowledge-center,/fa/knowledge/جراحی-دندان-عقل-در-تهران-و-تبریز-چرا-ان,yes,Substantial standalone article on core topic (impacted-tooth-surgery); migrate into Knowledge Center as its own article and redirect old URL to it; cross-link from /fa/services/impacted-tooth-surgery.
https://dralirezasadighi.com/25-سوال-متداول-در-مورد-جراحی-تزریق-چربی/,post,publish,25 frequently asked questions about fat injection surgery,101,1558,0.0648,6.67,care-instructions,P0,needs-manual-review,/fa/care-instructions,yes,"DATA ISSUE: 2 WordPress posts (post_ids 8597, 13413) share this exact live URL — WordPress can only serve one of them. Resolve which post is canonical before deciding a migration target. Care-instruction content without a clear match to an existing care topic — review before mapping."
https://dralirezasadighi.com/راهنمای-کامل-درمان-لبخند-لثهای-علل،/,post,publish,راهنمای کامل درمان لبخند لثه‌ای: علل، روش‌های پیشگیری و راهکارهای درمان,1,47,0.0213,28.38,orthognathic-surgery,P0,migrate-to-knowledge-center,/fa/knowledge/راهنمای-کامل-درمان-لبخند-لثهای-علل،,yes,Substantial standalone article on core topic (orthognathic-surgery); migrate into Knowledge Center as its own article and redirect old URL to it; cross-link from /fa/services/orthognathic-surgery.
https://dralirezasadighi.com/a-comprehensive-guide-to-treating-gummy-smile-causes-prevention-and-treatment-options/,post,publish,"A Comprehensive Guide to Treating Gummy Smile: Causes, Prevention, and Treatment Options",0,99,0.0,39.56,general-dental,P1,migrate-to-knowledge-center,,yes,General dental content with some traffic — migrate as a standalone Knowledge Center article.
https://dralirezasadighi.com/why-choose-dr-alireza-sedighi-for-jaw-surgery-a-top-choice-for-precision-and-excellence/,post,publish,Why Choose Dr. Alireza Sedighi for Jaw Surgery: A Top Choice for Precision and Excellence,0,0,0.0,0.0,uncategorized,P2,needs-manual-review,,no,Content exists but topic is unclear — classify manually.
https://dralirezasadighi.com/فیزیوتراپی-بعد-از-جراحی-فک-راهنمای-کام/,post,publish,فیزیوتراپی بعد از جراحی فک: راهنمای کامل برای بهبود حرکت و کاهش خشکی مفصل,396,5087,0.0778,13.08,orthognathic-surgery,P0,migrate-to-knowledge-center,/fa/knowledge/فیزیوتراپی-بعد-از-جراحی-فک-راهنمای-کام,yes,Substantial standalone article on core topic (orthognathic-surgery); migrate into Knowledge Center as its own article and redirect old URL to it; cross-link from /fa/services/orthognathic-surgery.
https://dralirezasadighi.com/post-surgery-jaw-physiotherapy-a-comprehensive-guide-for-faster-recovery-with-effective-exercises/,post,publish,Post-Surgery Jaw Physiotherapy: A Comprehensive Guide for Faster Recovery with Effective Exercises,10,636,0.0157,21.34,orthognathic-surgery,P0,migrate-to-knowledge-center,/fa/knowledge/post-surgery-jaw-physiotherapy-a-comprehensive-guide-for-faster-recovery-with-effective-exercises,yes,Substantial standalone article on core topic (orthognathic-surgery); migrate into Knowledge Center as its own article and redirect old URL to it; cross-link from /fa/services/orthognathic-surgery.
https://dralirezasadighi.com/چرا-دکتر-علیرضا-صدیقی-را-برای-جراحی-فک-ا/,post,publish,چرا دکتر علیرضا صدیقی را برای جراحی فک انتخاب کنیم: انتخابی برتر برای دقت و برتری,39,1723,0.0226,7.47,orthognathic-surgery,P0,migrate-to-knowledge-center,/fa/knowledge/چرا-دکتر-علیرضا-صدیقی-را-برای-جراحی-فک-ا,yes,Substantial standalone article on core topic (orthognathic-surgery); migrate into Knowledge Center as its own article and redirect old URL to it; cross-link from /fa/services/orthognathic-surgery.
https://dralirezasadighi.com/اموزش-دوره-ها-تخصصی-ایمپلنت/,post,publish,اموزش دوره ها تخصصی ایمپلنت,37,314,0.1178,6.38,advanced-dental-implant,P0,redirect-to-service-page,/fa/services/advanced-dental-implant,yes,High-value but short/duplicative content — fold into /fa/services/advanced-dental-implant rather than a thin standalone page.
https://dralirezasadighi.com/جراحی-ناقرینگیهای-صورت-رویکردها-و-م/,post,publish,جراحی ناقرینگی‌های صورت: رویکردها و مزایا,25,1930,0.013,4.48,orthognathic-surgery,P0,migrate-to-knowledge-center,/fa/knowledge/جراحی-ناقرینگیهای-صورت-رویکردها-و-م,yes,Substantial standalone article on core topic (orthognathic-surgery); migrate into Knowledge Center as its own article and redirect old URL to it; cross-link from /fa/services/orthognathic-surgery.
https://dralirezasadighi.com/بیماری-کندیلار-هایپرپلاژیا-علل،-تشخی/,post,publish,بیماری کندیلار هایپرپلاژیا: علل، تشخیص و درمان,22,335,0.0657,5.71,orthognathic-surgery,P0,migrate-to-knowledge-center,/fa/knowledge/بیماری-کندیلار-هایپرپلاژیا-علل،-تشخی,yes,Substantial standalone article on core topic (orthognathic-surgery); migrate into Knowledge Center as its own article and redirect old URL to it; cross-link from /fa/services/orthognathic-surgery.
https://dralirezasadighi.com/ناقرینگیهای-ناشی-از-تروما-به-صورت-عل/,post,publish,ناقرینگی‌های ناشی از تروما به صورت: علل، تشخیص و درمان,46,1808,0.0254,6.53,facial-trauma-surgery,P0,migrate-to-knowledge-center,/fa/knowledge/ناقرینگیهای-ناشی-از-تروما-به-صورت-عل,yes,Substantial standalone article on core topic (facial-trauma-surgery); migrate into Knowledge Center as its own article and redirect old URL to it; cross-link from /fa/services/facial-trauma-surgery.
https://dralirezasadighi.com/استفاده-از-تکنولوژی-دیجیتال-در-جراحی-ت/,post,publish,استفاده از تکنولوژی دیجیتال در جراحی تصحیح ناقرینگی صورت,0,0,0.0,0.0,orthognathic-surgery,P0,migrate-to-knowledge-center,/fa/knowledge/استفاده-از-تکنولوژی-دیجیتال-در-جراحی-ت,yes,Substantial standalone article on core topic (orthognathic-surgery); migrate into Knowledge Center as its own article and redirect old URL to it; cross-link from /fa/services/orthognathic-surgery.
https://dralirezasadighi.com/digital-technology-in-corrective-facial-asymmetry-surgery/,post,publish,Digital Technology in Corrective Facial Asymmetry Surgery,0,47,0.0,16.3,uncategorized,P1,needs-manual-review,,yes,Traffic present but topic unclear from title/categories/slug — classify manually before deciding redirect target.
https://dralirezasadighi.com/facial-asymmetry-due-to-trauma-causes-diagnosis-and-treatment/,post,publish,"Facial Asymmetry Due to Trauma: Causes, Diagnosis, and Treatment",26,2180,0.0119,5.92,uncategorized,P0,needs-manual-review,,yes,Traffic present but topic unclear from title/categories/slug — classify manually before deciding redirect target.
https://dralirezasadighi.com/ریلپس-یا-بازگشت-پس-از-عمل-جراحی-فک-با-تا/,post,publish,ریلپس یا بازگشت پس از عمل جراحی فک با تاکید بر پوزیشنینگ قطعه پروکسیمال مندیبل و آزادسازی عضلات,145,1756,0.0826,6.08,orthognathic-surgery,P0,migrate-to-knowledge-center,/fa/knowledge/ریلپس-یا-بازگشت-پس-از-عمل-جراحی-فک-با-تا,yes,Substantial standalone article on core topic (orthognathic-surgery); migrate into Knowledge Center as its own article and redirect old URL to it; cross-link from /fa/services/orthognathic-surgery.
https://dralirezasadighi.com/جراحی-فک-ارتوگناتیک-مراحل-و-روند-درما/,post,publish,جراحی فک (ارتوگناتیک): مراحل و روند درمان,3,672,0.0045,38.33,impacted-tooth-surgery,P0,migrate-to-knowledge-center,/fa/knowledge/جراحی-فک-ارتوگناتیک-مراحل-و-روند-درما,yes,Substantial standalone article on core topic (impacted-tooth-surgery); migrate into Knowledge Center as its own article and redirect old URL to it; cross-link from /fa/services/impacted-tooth-surgery.
https://dralirezasadighi.com/optimal-timing-for-wisdom-tooth-surgery-jaw-surgery-and-dental-implants-during-orthodontic-treatment/,post,publish,"Optimal Timing for Wisdom Tooth Surgery, Jaw Surgery, and Dental Implants During Orthodontic Treatment",0,129,0.0,9.4,orthognathic-surgery,P0,migrate-to-knowledge-center,/fa/knowledge/optimal-timing-for-wisdom-tooth-surgery-jaw-surgery-and-dental-implants-during-orthodontic-treatment,yes,Substantial standalone article on core topic (orthognathic-surgery); migrate into Knowledge Center as its own article and redirect old URL to it; cross-link from /fa/services/orthognathic-surgery.
https://dralirezasadighi.com/مقایسه-ایمپلنت-و-دندان-طبیعی-بررسی-تفا/,post,publish,مقایسه ایمپلنت و دندان طبیعی: بررسی تفاوت‌ها در ساختار، عملکرد و طول عمر,17,461,0.0369,22.81,advanced-dental-implant,P0,migrate-to-knowledge-center,/fa/knowledge/مقایسه-ایمپلنت-و-دندان-طبیعی-بررسی-تفا,yes,Substantial standalone article on core topic (advanced-dental-implant); migrate into Knowledge Center as its own article and redirect old URL to it; cross-link from /fa/services/advanced-dental-implant.
https://dralirezasadighi.com/روند-درمانی-و-ترتیب-درمانی-جراحی-فک،-ای/,post,publish,روند درمانی و ترتیب درمانی جراحی فک، ایمپلنت، پیوند استخوان، جراحی دندان عقل و ارتودنسی,1,12,0.0833,8.58,impacted-tooth-surgery,P0,migrate-to-knowledge-center,/fa/knowledge/روند-درمانی-و-ترتیب-درمانی-جراحی-فک،-ای,yes,Substantial standalone article on core topic (impacted-tooth-surgery); migrate into Knowledge Center as its own article and redirect old URL to it; cross-link from /fa/services/impacted-tooth-surgery.
https://dralirezasadighi.com/درمان-غیر-قرینگی-صورت-راهکارها،-نقش-اس/,post,publish,درمان غیر قرینگی صورت: راهکارها، نقش اسکن طب هسته‌ای و زمان مناسب برای جراحی فک,12,139,0.0863,6.2,orthognathic-surgery,P0,migrate-to-knowledge-center,/fa/knowledge/درمان-غیر-قرینگی-صورت-راهکارها،-نقش-اس,yes,Substantial standalone article on core topic (orthognathic-surgery); migrate into Knowledge Center as its own article and redirect old URL to it; cross-link from /fa/services/orthognathic-surgery.
https://dralirezasadighi.com/treatment-of-facial-asymmetry-solutions-the-role-of-nuclear-medicine-scans-and-the-appropriate-age-for-jaw-surgery/,post,publish,"Treatment of Facial Asymmetry: Solutions, the Role of Nuclear Medicine Scans, and the Appropriate Age for Jaw Surgery",1,17,0.0588,8.24,orthognathic-surgery,P0,migrate-to-knowledge-center,/fa/knowledge/treatment-of-facial-asymmetry-solutions-the-role-of-nuclear-medicine-scans-and-the-appropriate-age-for-jaw-surgery,yes,Substantial standalone article on core topic (orthognathic-surgery); migrate into Knowledge Center as its own article and redirect old URL to it; cross-link from /fa/services/orthognathic-surgery.
https://dralirezasadighi.com/صدای-فک-و-اختلالات-مفصل-tmj-علل،-راهکارها/,post,publish,صدای فک و اختلالات مفصل TMJ: علل، راهکارها و درمان‌ها,10,469,0.0213,20.49,uncategorized,P0,needs-manual-review,,yes,Traffic present but topic unclear from title/categories/slug — classify manually before deciding redirect target.
https://dralirezasadighi.com/jaw-clicking-and-tmj-disorders-causes-treatments-and-solutions/,post,publish,"Jaw Clicking and TMJ Disorders: Causes, Treatments, and Solutions",0,37,0.0,12.46,uncategorized,P1,needs-manual-review,,yes,Traffic present but topic unclear from title/categories/slug — classify manually before deciding redirect target.
https://dralirezasadighi.com/دوره-نقاهت-جراحی-چانه،-مقایسه-با-پروتز/,post,publish,دوره نقاهت جراحی چانه، مقایسه با پروتز چانه و تخصص دکتر علیرضا صدیقی,25,1913,0.0131,20.16,orthognathic-surgery,P0,migrate-to-knowledge-center,/fa/knowledge/دوره-نقاهت-جراحی-چانه،-مقایسه-با-پروتز,yes,Substantial standalone article on core topic (orthognathic-surgery); migrate into Knowledge Center as its own article and redirect old URL to it; cross-link from /fa/services/orthognathic-surgery.
https://dralirezasadighi.com/recovery-period-of-chin-surgery-comparison-with-chin-implants-and-expertise-of-dr-alireza-sedighi/,post,publish,"Recovery Period of Chin Surgery, Comparison with Chin Implants, and Expertise of Dr. Alireza Sedighi",5,203,0.0246,12.46,orthognathic-surgery,P0,migrate-to-knowledge-center,/fa/knowledge/recovery-period-of-chin-surgery-comparison-with-chin-implants-and-expertise-of-dr-alireza-sedighi,yes,Substantial standalone article on core topic (orthognathic-surgery); migrate into Knowledge Center as its own article and redirect old URL to it; cross-link from /fa/services/orthognathic-surgery.
https://dralirezasadighi.com/ایمپلنت-اشترومن-در-تبریز؛-بهترین-راه/,post,publish,ایمپلنت اشترومن تبریز (Straumann)؛ ایمپلنت سوئیسی با طرح درمان تخصصی,10,119,0.084,12.64,advanced-dental-implant,P0,migrate-to-knowledge-center,/fa/knowledge/ایمپلنت-اشترومن-در-تبریز؛-بهترین-راه,yes,Substantial standalone article on core topic (advanced-dental-implant); migrate into Knowledge Center as its own article and redirect old URL to it; cross-link from /fa/services/advanced-dental-implant.
https://dralirezasadighi.com/مزایای-جراحی-فک-و-معرفی-بهترین-جراح-فک،/,post,publish,مزایای جراحی فک و معرفی بهترین جراح فک، دکتر علیرضا صدیقی,16,734,0.0218,15.97,orthognathic-surgery,P0,migrate-to-knowledge-center,/fa/knowledge/مزایای-جراحی-فک-و-معرفی-بهترین-جراح-فک،,yes,Substantial standalone article on core topic (orthognathic-surgery); migrate into Knowledge Center as its own article and redirect old URL to it; cross-link from /fa/services/orthognathic-surgery.
https://dralirezasadighi.com/خنده-لثهای؛-علل،-تشخیص-و-روشهای-درم/,post,publish,خنده لثه‌ای؛ علل، تشخیص و روش‌های درمانی توسط دکتر علیرضا صدیقی، بهترین جراح فک در ایران,11,1419,0.0078,7.72,uncategorized,P0,needs-manual-review,,yes,Traffic present but topic unclear from title/categories/slug — classify manually before deciding redirect target.
https://dralirezasadighi.com/راهنمای-جامع-کاشت-دندان-و-ایمپلنت-در-تب/,post,publish,راهنمای جامع کاشت دندان و ایمپلنت در تبریز و تهران: تجربه دکتر صدیقی، بهترین جراح ایمپلنت ایران,2,78,0.0256,18.03,advanced-dental-implant,P0,migrate-to-knowledge-center,/fa/knowledge/راهنمای-جامع-کاشت-دندان-و-ایمپلنت-در-تب,yes,Substantial standalone article on core topic (advanced-dental-implant); migrate into Knowledge Center as its own article and redirect old URL to it; cross-link from /fa/services/advanced-dental-implant.
https://dralirezasadighi.com/همهچیز-درباره-دندان-عقل-زمان-مناسب-ب/,post,publish,همه‌چیز درباره دندان عقل: زمان مناسب برای کشیدن و عوارض احتمالی باقی‌ماندن آن,1,113,0.0088,14.62,impacted-tooth-surgery,P0,migrate-to-knowledge-center,/fa/knowledge/همهچیز-درباره-دندان-عقل-زمان-مناسب-ب,yes,Substantial standalone article on core topic (impacted-tooth-surgery); migrate into Knowledge Center as its own article and redirect old URL to it; cross-link from /fa/services/impacted-tooth-surgery.
https://dralirezasadighi.com/بهترین-برندهای-ایمپلنت-دندانی-اشتروم/,post,publish,بهترین برندهای ایمپلنت دندانی: مقایسه‌ای تخصصی از اشترومن، زیممر بیومت، بیوهورایزن، استم، نئودنت و آی‌سی‌ایکس,4,170,0.0235,35.78,advanced-dental-implant,P0,migrate-to-knowledge-center,/fa/knowledge/بهترین-برندهای-ایمپلنت-دندانی-اشتروم,yes,Substantial standalone article on core topic (advanced-dental-implant); migrate into Knowledge Center as its own article and redirect old URL to it; cross-link from /fa/services/advanced-dental-implant.
https://dralirezasadighi.com/درد-دندان-عقل/,post,publish,چرا دندان عقل درد می‌کند؟ دلایل و راه‌حل‌های تخصصی,9,335,0.0269,23.69,impacted-tooth-surgery,P0,migrate-to-knowledge-center,/fa/knowledge/درد-دندان-عقل,yes,Substantial standalone article on core topic (impacted-tooth-surgery); migrate into Knowledge Center as its own article and redirect old URL to it; cross-link from /fa/services/impacted-tooth-surgery.
https://dralirezasadighi.com/ایمپلنت-اقساطی-در-تبریز-با-دکتر-علیرضا/,post,publish,ایمپلنت اقساطی در تبریز؛ راهی برای انجام درمان باکیفیت بدون فشار مالی,2753,17354,0.1586,11.96,advanced-dental-implant,P0,migrate-to-knowledge-center,/fa/knowledge/ایمپلنت-اقساطی-در-تبریز-با-دکتر-علیرضا,yes,Substantial standalone article on core topic (advanced-dental-implant); migrate into Knowledge Center as its own article and redirect old URL to it; cross-link from /fa/services/advanced-dental-implant.
https://dralirezasadighi.com/سینوس-لیفت-و-ایمپلنت-دندان/,post,publish,سینوس لیفت تخصصی و کاشت ایمپلنت دندان با بهترین تکنیک‌های روز دنیا در کلینیک دکتر صدیقی – تهران و تبریز,18,888,0.0203,17.19,advanced-dental-implant,P0,migrate-to-knowledge-center,/fa/knowledge/سینوس-لیفت-و-ایمپلنت-دندان,yes,Substantial standalone article on core topic (advanced-dental-implant); migrate into Knowledge Center as its own article and redirect old URL to it; cross-link from /fa/services/advanced-dental-implant.
https://dralirezasadighi.com/لیفت-شقیقه-گلایدینگ/,post,publish,لیفت شقیقه گلایدینگ؛ روش کم‌تهاجمی برای جوانسازی اطراف چشم و شقیقه,134,3971,0.0337,8.69,facial-cosmetic-surgery,P0,migrate-to-knowledge-center,/fa/knowledge/لیفت-شقیقه-گلایدینگ,yes,Substantial standalone article on core topic (facial-cosmetic-surgery); migrate into Knowledge Center as its own article and redirect old URL to it; cross-link from /fa/services/facial-cosmetic-surgery.
https://dralirezasadighi.com/جراحی-چانه-پروتز-فیلر-جینیوپلاستی/,post,publish,جراحی چانه: بررسی علمی روش‌های اصلاح فرم چانه با پروتز، جینیوپلاستی و فیلر + مزایا، معایب و هزینه‌ها,31,2482,0.0125,15.33,facial-cosmetic-surgery,P0,migrate-to-knowledge-center,/fa/knowledge/جراحی-چانه-پروتز-فیلر-جینیوپلاستی,yes,Substantial standalone article on core topic (facial-cosmetic-surgery); migrate into Knowledge Center as its own article and redirect old URL to it; cross-link from /fa/services/facial-cosmetic-surgery.
https://dralirezasadighi.com/راهنمای-جامع-ایمپلنت-دندان-در-تبریز-2/,post,publish,راهنمای جامع ایمپلنت دندان در تبریز | معرفی متخصصین، هزینه‌ها و خدمات فوری و اقساطی,7,332,0.0211,13.46,advanced-dental-implant,P0,migrate-to-knowledge-center,/fa/knowledge/راهنمای-جامع-ایمپلنت-دندان-در-تبریز-2,yes,Substantial standalone article on core topic (advanced-dental-implant); migrate into Knowledge Center as its own article and redirect old URL to it; cross-link from /fa/services/advanced-dental-implant.
https://dralirezasadighi.com/جوانسازی-صورت-با-فیلر-تهران-و-تبریز/,post,publish,جوانسازی صورت با فیلر: راهی سریع و مؤثر برای زیبایی طبیعی در تهران و تبریز,9,642,0.014,8.38,facial-cosmetic-surgery,P0,migrate-to-knowledge-center,/fa/knowledge/جوانسازی-صورت-با-فیلر-تهران-و-تبریز,yes,Substantial standalone article on core topic (facial-cosmetic-surgery); migrate into Knowledge Center as its own article and redirect old URL to it; cross-link from /fa/services/facial-cosmetic-surgery.
https://dralirezasadighi.com/facial-rejuvenation-with-fillers-a-quick-and-effective-path-to-natural-beauty-in-tehran-and-tabriz/,post,publish,Facial Rejuvenation with Fillers: A Quick and Effective Path to Natural Beauty in Tehran and Tabriz,0,123,0.0,6.63,uncategorized,P1,needs-manual-review,,yes,Traffic present but topic unclear from title/categories/slug — classify manually before deciding redirect target.
https://dralirezasadighi.com/innovative-techniques-for-correcting-mandibular-prognathism-combining-functionality-and-aesthetics/,post,publish,Innovative Techniques for Correcting Mandibular Prognathism: Combining Functionality and Aesthetics,0,52,0.0,9.77,uncategorized,P1,needs-manual-review,,yes,Traffic present but topic unclear from title/categories/slug — classify manually before deciding redirect target.
https://dralirezasadighi.com/جراحی-جلوآمدگی-فک-پایین/,post,publish,روش‌های نوین جراحی برای اصلاح جلوآمدگی فک پایین: ترکیب زیبایی و عملکرد,0,0,0.0,0.0,orthognathic-surgery,P0,migrate-to-knowledge-center,/fa/knowledge/جراحی-جلوآمدگی-فک-پایین,yes,Substantial standalone article on core topic (orthognathic-surgery); migrate into Knowledge Center as its own article and redirect old URL to it; cross-link from /fa/services/orthognathic-surgery.
https://dralirezasadighi.com/جراحی-فک-پایین-جلو-آمده/,post,publish,راهنمای جامع جراحی فک پایین جلو آمده: هر آنچه باید بدانید,67,5953,0.0113,10.94,orthognathic-surgery,P0,migrate-to-knowledge-center,/fa/knowledge/جراحی-فک-پایین-جلو-آمده,yes,Substantial standalone article on core topic (orthognathic-surgery); migrate into Knowledge Center as its own article and redirect old URL to it; cross-link from /fa/services/orthognathic-surgery.
https://dralirezasadighi.com/comprehensive-guide-to-lower-jaw-surgery-everything-you-need-to-know/,post,publish,Comprehensive Guide to Lower Jaw Surgery: Everything You Need to Know,0,90,0.0,51.16,orthognathic-surgery,P0,migrate-to-knowledge-center,/fa/knowledge/comprehensive-guide-to-lower-jaw-surgery-everything-you-need-to-know,yes,Substantial standalone article on core topic (orthognathic-surgery); migrate into Knowledge Center as its own article and redirect old URL to it; cross-link from /fa/services/orthognathic-surgery.
https://dralirezasadighi.com/فک-پایین-عقبرفته/,post,publish,فک پایین عقب‌رفته چیست؟ دلایل، علائم و اهمیت درمان آن,9,796,0.0113,14.89,orthognathic-surgery,P0,migrate-to-knowledge-center,/fa/knowledge/فک-پایین-عقبرفته,yes,Substantial standalone article on core topic (orthognathic-surgery); migrate into Knowledge Center as its own article and redirect old URL to it; cross-link from /fa/services/orthognathic-surgery.
https://dralirezasadighi.com/recessed-lower-jaw-causes-symptoms-and-treatment/,post,publish,"Recessed Lower Jaw: Causes, Symptoms, and Treatment",9,9983,0.0009,33.67,orthognathic-surgery,P0,migrate-to-knowledge-center,/fa/knowledge/recessed-lower-jaw-causes-symptoms-and-treatment,yes,Substantial standalone article on core topic (orthognathic-surgery); migrate into Knowledge Center as its own article and redirect old URL to it; cross-link from /fa/services/orthognathic-surgery.
https://dralirezasadighi.com/جراحی-فک-پایین-عقب-رفته-2/,post,publish,جراحی فک پایین عقب رفته: راهی برای بهبود عملکرد و زیبایی,0,0,0.0,0.0,orthognathic-surgery,P0,migrate-to-knowledge-center,/fa/knowledge/جراحی-فک-پایین-عقب-رفته-2,yes,Substantial standalone article on core topic (orthognathic-surgery); migrate into Knowledge Center as its own article and redirect old URL to it; cross-link from /fa/services/orthognathic-surgery.
https://dralirezasadighi.com/lower-jaw-surgery-for-receding-jaw-improving-function-and-aesthetics/,post,publish,Lower Jaw Surgery for Receding Jaw: Improving Function and Aesthetics,0,363,0.0,56.76,orthognathic-surgery,P0,migrate-to-knowledge-center,/fa/knowledge/lower-jaw-surgery-for-receding-jaw-improving-function-and-aesthetics,yes,Substantial standalone article on core topic (orthognathic-surgery); migrate into Knowledge Center as its own article and redirect old URL to it; cross-link from /fa/services/orthognathic-surgery.
https://dralirezasadighi.com/جراحی-فک-پایین-عقب-رفته/,post,publish,جراحی فک پایین عقب رفته: بهبودی و نتایج بلندمدت,71,4073,0.0174,8.6,orthognathic-surgery,P0,migrate-to-knowledge-center,/fa/knowledge/جراحی-فک-پایین-عقب-رفته,yes,Substantial standalone article on core topic (orthognathic-surgery); migrate into Knowledge Center as its own article and redirect old URL to it; cross-link from /fa/services/orthognathic-surgery.
https://dralirezasadighi.com/receding-jaw-surgery-recovery-and-long-term-results/,post,publish,Receding Jaw Surgery: Recovery and Long-Term Results,0,48,0.0,40.38,orthognathic-surgery,P0,migrate-to-knowledge-center,/fa/knowledge/receding-jaw-surgery-recovery-and-long-term-results,yes,Substantial standalone article on core topic (orthognathic-surgery); migrate into Knowledge Center as its own article and redirect old URL to it; cross-link from /fa/services/orthognathic-surgery.
https://dralirezasadighi.com/جراحی-فک-خطرناک/,post,publish,آیا جراحی فک خطرناک است؟ بررسی علمی عوارض، مزایا و نکات مهم پیش از عمل,19,2225,0.0085,12.58,orthognathic-surgery,P0,migrate-to-knowledge-center,/fa/knowledge/جراحی-فک-خطرناک,yes,Substantial standalone article on core topic (orthognathic-surgery); migrate into Knowledge Center as its own article and redirect old URL to it; cross-link from /fa/services/orthognathic-surgery.
https://dralirezasadighi.com/جراحی-فک-دیجیتال/,post,publish,جراحی فک دیجیتال: تحول نوین در دقت و نتایج جراحی‌های فک و صورت,20,339,0.059,6.53,orthognathic-surgery,P0,migrate-to-knowledge-center,/fa/knowledge/جراحی-فک-دیجیتال,yes,Substantial standalone article on core topic (orthognathic-surgery); migrate into Knowledge Center as its own article and redirect old URL to it; cross-link from /fa/services/orthognathic-surgery.
https://dralirezasadighi.com/فیلم_جراحی_فک_در_اتاق_عمل/,post,publish,فیلم جراحی فک در اتاق عمل: از مراحل درمان تا نتایج واقعی,371,15849,0.0234,4.24,orthognathic-surgery,P0,migrate-to-knowledge-center,/fa/knowledge/فیلم_جراحی_فک_در_اتاق_عمل,yes,Substantial standalone article on core topic (orthognathic-surgery); migrate into Knowledge Center as its own article and redirect old URL to it; cross-link from /fa/services/orthognathic-surgery.
https://dralirezasadighi.com/جراحی-فک-کم-تهاجمی/,post,publish,جراحی فک کم تهاجمی: درمانی نوین با حداقل درد و دوران نقاهت کوتاه,17,395,0.043,8.81,orthognathic-surgery,P0,migrate-to-knowledge-center,/fa/knowledge/جراحی-فک-کم-تهاجمی,yes,Substantial standalone article on core topic (orthognathic-surgery); migrate into Knowledge Center as its own article and redirect old URL to it; cross-link from /fa/services/orthognathic-surgery.
https://dralirezasadighi.com/ایمپلنت-دندان-بدون-درد/,post,publish,ایمپلنت دندان بدون درد: راهی برای لبخندی زیبا و بدون ترس,0,453,0.0,38.33,advanced-dental-implant,P0,migrate-to-knowledge-center,/fa/knowledge/ایمپلنت-دندان-بدون-درد,yes,Substantial standalone article on core topic (advanced-dental-implant); migrate into Knowledge Center as its own article and redirect old URL to it; cross-link from /fa/services/advanced-dental-implant.
https://dralirezasadighi.com/موفقیت-۱۳-واحد-ایمپلنت-پساز-دو-سال-بی/,post,publish,موفقیت ۱۳ واحد ایمپلنت پس‌از دو سال بی هیچ مشکلی,1,130,0.0077,1.28,advanced-dental-implant,P0,redirect-to-service-page,/fa/services/advanced-dental-implant,yes,High-value but short/duplicative content — fold into /fa/services/advanced-dental-implant rather than a thin standalone page.
https://dralirezasadighi.com/تفاوت-جراحی-دندان-عقل-با-کشیدن-ساده/,post,publish,تفاوت جراحی دندان عقل با کشیدن ساده | راهنمای کامل توسط دکتر علیرضا صدیقی,5,375,0.0133,7.67,impacted-tooth-surgery,P0,migrate-to-knowledge-center,/fa/knowledge/تفاوت-جراحی-دندان-عقل-با-کشیدن-ساده,yes,Substantial standalone article on core topic (impacted-tooth-surgery); migrate into Knowledge Center as its own article and redirect old URL to it; cross-link from /fa/services/impacted-tooth-surgery.
https://dralirezasadighi.com/ایمپلنت-دندان/,post,publish,ایمپلنت دندان چیست و چرا بهترین گزینه است؟,0,0,0.0,0.0,advanced-dental-implant,P0,migrate-to-knowledge-center,/fa/knowledge/ایمپلنت-دندان,yes,Substantial standalone article on core topic (advanced-dental-implant); migrate into Knowledge Center as its own article and redirect old URL to it; cross-link from /fa/services/advanced-dental-implant.
https://dralirezasadighi.com/ایمپلنت-دیجیتال/,post,publish,ایمپلنت دیجیتال: تحولی نوین در دندان‌پزشکی مدرن,1,163,0.0061,53.04,advanced-dental-implant,P0,migrate-to-knowledge-center,/fa/knowledge/ایمپلنت-دیجیتال,yes,Substantial standalone article on core topic (advanced-dental-implant); migrate into Knowledge Center as its own article and redirect old URL to it; cross-link from /fa/services/advanced-dental-implant.
https://dralirezasadighi.com/ایمپلنت-دندان-اقساطی/,post,publish,ایمپلنت دندان اقساطی | کاشت دندان با شرایط پرداخت ویژه در تبریز و تهران,25,1452,0.0172,23.98,advanced-dental-implant,P0,migrate-to-knowledge-center,/fa/knowledge/ایمپلنت-دندان-اقساطی,yes,Substantial standalone article on core topic (advanced-dental-implant); migrate into Knowledge Center as its own article and redirect old URL to it; cross-link from /fa/services/advanced-dental-implant.
https://dralirezasadighi.com/جراحی-برجستگی-پیشانی/,post,publish,جراحی برجستگی پیشانی: روش‌ها، مزایا و ملاحظات مهم,78,7312,0.0107,8.61,uncategorized,P0,needs-manual-review,,yes,Traffic present but topic unclear from title/categories/slug — classify manually before deciding redirect target.
https://dralirezasadighi.com/ایمپلنت-دندان-در-تعطیلات-عید-در-تبریز/,post,publish,ایمپلنت دندان در تعطیلات عید در تبریز؛ راهنمای کامل کاشت دندان در نوروز,0,0,0.0,0.0,advanced-dental-implant,P0,migrate-to-knowledge-center,/fa/knowledge/ایمپلنت-دندان-در-تعطیلات-عید-در-تبریز,yes,Substantial standalone article on core topic (advanced-dental-implant); migrate into Knowledge Center as its own article and redirect old URL to it; cross-link from /fa/services/advanced-dental-implant.
https://dralirezasadighi.com/ایمپلنت-سوئیسی-دیجیتالی/,post,publish,ایمپلنت سوئیسی دیجیتالی؛ بهترین روش جایگزینی دندان از دست رفته | دکتر صدیقی,2,237,0.0084,16.82,advanced-dental-implant,P0,migrate-to-knowledge-center,/fa/knowledge/ایمپلنت-سوئیسی-دیجیتالی,yes,Substantial standalone article on core topic (advanced-dental-implant); migrate into Knowledge Center as its own article and redirect old URL to it; cross-link from /fa/services/advanced-dental-implant.
https://dralirezasadighi.com/تفاوت-کشیدن-دندان-و-جراحی-دندان-عقل/,post,publish,تفاوت کشیدن دندان و جراحی دندان عقل | بررسی کامل و علمی,98,1533,0.0639,7.77,impacted-tooth-surgery,P0,migrate-to-knowledge-center,/fa/knowledge/تفاوت-کشیدن-دندان-و-جراحی-دندان-عقل,yes,Substantial standalone article on core topic (impacted-tooth-surgery); migrate into Knowledge Center as its own article and redirect old URL to it; cross-link from /fa/services/impacted-tooth-surgery.
https://dralirezasadighi.com/ایمپلنت-فوری-در-تبریز/,post,publish,ایمپلنت فوری در تبریز: کاشت دندان در یک روز با تکنولوژی پیشرفته در کلینیک دکتر صدیقی,165,3075,0.0537,14.56,advanced-dental-implant,P0,migrate-to-knowledge-center,/fa/knowledge/ایمپلنت-فوری-در-تبریز,yes,Substantial standalone article on core topic (advanced-dental-implant); migrate into Knowledge Center as its own article and redirect old URL to it; cross-link from /fa/services/advanced-dental-implant.
https://dralirezasadighi.com/جراحی-دندان-عقل-با-بیهوشی-در-تبریز/,post,publish,جراحی دندان عقل با بیهوشی در تبریز؛ تجربه‌ای بدون درد با دکتر علیرضا صدیقی,424,7182,0.059,7.4,impacted-tooth-surgery,P0,migrate-to-knowledge-center,/fa/knowledge/جراحی-دندان-عقل-با-بیهوشی-در-تبریز,yes,Substantial standalone article on core topic (impacted-tooth-surgery); migrate into Knowledge Center as its own article and redirect old URL to it; cross-link from /fa/services/impacted-tooth-surgery.
https://dralirezasadighi.com/جراحی-فک-نی-نی-سایت/,post,publish,جراحی فک نی نی سایت؛ تجربه‌ای موفق با روش‌های دیجیتال دکتر علیرضا صدیقی,1599,57539,0.0278,6.95,orthognathic-surgery,P0,migrate-to-knowledge-center,/fa/knowledge/جراحی-فک-نی-نی-سایت,yes,Substantial standalone article on core topic (orthognathic-surgery); migrate into Knowledge Center as its own article and redirect old URL to it; cross-link from /fa/services/orthognathic-surgery.
https://dralirezasadighi.com/فیزیوتراپی-بعد-از-جراحی-فک/,post,publish,فیزیوتراپی بعد از جراحی فک: چرا ضروری است و چه مزایایی دارد؟,78,2175,0.0359,17.32,orthognathic-surgery,P0,migrate-to-knowledge-center,/fa/knowledge/فیزیوتراپی-بعد-از-جراحی-فک,yes,Substantial standalone article on core topic (orthognathic-surgery); migrate into Knowledge Center as its own article and redirect old URL to it; cross-link from /fa/services/orthognathic-surgery.
https://dralirezasadighi.com/ایمپلنت-دندان-چیست/,post,publish,ایمپلنت دندان چیست و چگونه عمل می‌کند؟,0,721,0.0,56.5,advanced-dental-implant,P0,migrate-to-knowledge-center,/fa/knowledge/ایمپلنت-دندان-چیست,yes,Substantial standalone article on core topic (advanced-dental-implant); migrate into Knowledge Center as its own article and redirect old URL to it; cross-link from /fa/services/advanced-dental-implant.
https://dralirezasadighi.com/عوارض-ایمپلنت-دندان/,post,publish,عوارض ایمپلنت دندان: واقعیت یا نگرانی بی‌مورد؟,11,1560,0.0071,15.78,advanced-dental-implant,P0,migrate-to-knowledge-center,/fa/knowledge/عوارض-ایمپلنت-دندان,yes,Substantial standalone article on core topic (advanced-dental-implant); migrate into Knowledge Center as its own article and redirect old URL to it; cross-link from /fa/services/advanced-dental-implant.
https://dralirezasadighi.com/بهترین-دندانپزشک-برای-ایمپلنت-دندان-د/,post,publish,بهترین دندانپزشک برای ایمپلنت دندان در تبریز؛ انتخابی که لبخند شما را تضمین می‌کند,7,1440,0.0049,32.55,advanced-dental-implant,P0,migrate-to-knowledge-center,/fa/knowledge/بهترین-دندانپزشک-برای-ایمپلنت-دندان-د,yes,Substantial standalone article on core topic (advanced-dental-implant); migrate into Knowledge Center as its own article and redirect old URL to it; cross-link from /fa/services/advanced-dental-implant.
https://dralirezasadighi.com/ایمپلنت-دندان-در-تبریز-پرسش-پاسخ/,post,publish,ایمپلنت دندان در تبریز؛ پرسش‌های پرتکرار بیماران و پاسخ‌های تخصصی دکتر علیرضا صدیقی,66,1688,0.0391,10.06,advanced-dental-implant,P0,migrate-to-knowledge-center,/fa/knowledge/ایمپلنت-دندان-در-تبریز-پرسش-پاسخ,yes,Substantial standalone article on core topic (advanced-dental-implant); migrate into Knowledge Center as its own article and redirect old URL to it; cross-link from /fa/services/advanced-dental-implant.
https://dralirezasadighi.com/ایمپلنت-در-تهران/,post,publish,ایمپلنت در تهران از نگاه بیماران؛ مقایسه واقعی بین مراکز درمانی معتبر,1,125,0.008,69.9,advanced-dental-implant,P0,migrate-to-knowledge-center,/fa/knowledge/ایمپلنت-در-تهران,yes,Substantial standalone article on core topic (advanced-dental-implant); migrate into Knowledge Center as its own article and redirect old URL to it; cross-link from /fa/services/advanced-dental-implant.
https://dralirezasadighi.com/ایمپلنت-اقساطی-در-تهران/,post,publish,ایمپلنت اقساطی در تهران برای همه؛ از دغدغه مالی تا لبخند سالم در کنار بهترین متخصصین,1,1603,0.0006,38.38,advanced-dental-implant,P0,migrate-to-knowledge-center,/fa/knowledge/ایمپلنت-اقساطی-در-تهران,yes,Substantial standalone article on core topic (advanced-dental-implant); migrate into Knowledge Center as its own article and redirect old URL to it; cross-link from /fa/services/advanced-dental-implant.
https://dralirezasadighi.com/طول-عمر-ایمپلنت-دندان/,post,publish,طول عمر ایمپلنت دندان چقدر است؟ بررسی جامع عوامل مؤثر در ماندگاری و دوام ایمپلنت در تهران,0,144,0.0,63.14,advanced-dental-implant,P0,migrate-to-knowledge-center,/fa/knowledge/طول-عمر-ایمپلنت-دندان,yes,Substantial standalone article on core topic (advanced-dental-implant); migrate into Knowledge Center as its own article and redirect old URL to it; cross-link from /fa/services/advanced-dental-implant.
https://dralirezasadighi.com/ایمپلنت-دندان-قیمت-ایمپلنت-دندان/,post,publish,ایمپلنت دندان؛ بازسازی عملکرد و زیبایی لبخند با جدیدترین تکنولوژی روز,2,45,0.0444,27.8,advanced-dental-implant,P0,migrate-to-knowledge-center,/fa/knowledge/ایمپلنت-دندان-قیمت-ایمپلنت-دندان,yes,Substantial standalone article on core topic (advanced-dental-implant); migrate into Knowledge Center as its own article and redirect old URL to it; cross-link from /fa/services/advanced-dental-implant.
https://dralirezasadighi.com/جراحی-جلوآمدگی-فک-پایین-2/,post,publish,جراحی جلوآمدگی فک پایین | درمان جلو بودن فک پایین و اصلاح ناهنجاری فک + عکس قبل و بعد,14,1362,0.0103,16.88,orthognathic-surgery,P0,migrate-to-knowledge-center,/fa/knowledge/جراحی-جلوآمدگی-فک-پایین-2,yes,Substantial standalone article on core topic (orthognathic-surgery); migrate into Knowledge Center as its own article and redirect old URL to it; cross-link from /fa/services/orthognathic-surgery.
https://dralirezasadighi.com/جراحی-زیبایی-بینی/,post,publish,جراحی زیبایی بینی | راهنمای کامل عمل بینی طبیعی با بهترین نتایج,7,312,0.0224,4.69,rhinoplasty,P0,migrate-to-knowledge-center,/fa/knowledge/جراحی-زیبایی-بینی,yes,Substantial standalone article on core topic (rhinoplasty); migrate into Knowledge Center as its own article and redirect old URL to it; cross-link from /fa/services/rhinoplasty.
https://dralirezasadighi.com/جراحی-بازسازی-نواقص-صورت-بازگرداندن/,post,publish,جراحی بازسازی نواقص صورت: بازگرداندن زیبایی، عملکرد و اعتماد به نفس,0,0,0.0,0.0,uncategorized,P2,needs-manual-review,,no,Content exists but topic is unclear — classify manually.
https://dralirezasadighi.com/sinus-lift-surgery-pre-post-care-guide/,post,publish,مراقبت های قبل و بعد از جراحی سینوس لیفت | راهنمای کامل بیماران,21,477,0.044,13.71,care-instructions,P0,redirect-to-knowledge-article,/fa/care-instructions/sinus-lift-care,yes,Old care post overlaps the existing care-instructions/sinus-lift-care page; redirect instead of duplicating.
https://dralirezasadighi.com/european-nose-job/,post,publish,عمل بینی اروپایی چیست و برای چه چهره‌هایی مناسب است؟,107,4204,0.0255,4.31,rhinoplasty,P0,migrate-to-knowledge-center,/fa/knowledge/european-nose-job,yes,Substantial standalone article on core topic (rhinoplasty); migrate into Knowledge Center as its own article and redirect old URL to it; cross-link from /fa/services/rhinoplasty.
https://dralirezasadighi.com/installment-dental-implant/,post,publish,ایمپلنت اقساطی؛ راه‌حل منطقی برای بیمارانی که نگران هزینه هستند,0,0,0.0,0.0,advanced-dental-implant,P0,migrate-to-knowledge-center,/fa/knowledge/installment-dental-implant,yes,Substantial standalone article on core topic (advanced-dental-implant); migrate into Knowledge Center as its own article and redirect old URL to it; cross-link from /fa/services/advanced-dental-implant.
https://dralirezasadighi.com/best-dental-implant-specialist/,post,publish,چطور بهترین متخصص ایمپلنت را انتخاب کنیم؟ راهنمای کامل بیمار از مشاوره تا جراحی,0,0,0.0,0.0,advanced-dental-implant,P0,migrate-to-knowledge-center,/fa/knowledge/best-dental-implant-specialist,yes,Substantial standalone article on core topic (advanced-dental-implant); migrate into Knowledge Center as its own article and redirect old URL to it; cross-link from /fa/services/advanced-dental-implant.
https://dralirezasadighi.com/implant-cost-tabriz/,post,publish,مشاوره هزینه ایمپلنت دندان در تبریز توسط دکتر علیرضا صدیقی در کلینیک تخصصی,0,0,0.0,0.0,advanced-dental-implant,P0,migrate-to-knowledge-center,/fa/knowledge/implant-cost-tabriz,yes,Substantial standalone article on core topic (advanced-dental-implant); migrate into Knowledge Center as its own article and redirect old URL to it; cross-link from /fa/services/advanced-dental-implant.
https://dralirezasadighi.com/genioplasty-aftercare/,post,publish,مراقبت‌های بعد از جراحی چانه (جنیوپلاستی),0,0,0.0,0.0,advanced-dental-implant,P0,migrate-to-knowledge-center,/fa/knowledge/genioplasty-aftercare,yes,Substantial standalone article on core topic (advanced-dental-implant); migrate into Knowledge Center as its own article and redirect old URL to it; cross-link from /fa/services/advanced-dental-implant.
https://dralirezasadighi.com/sinus-lift-care/,post,publish,مراقبت‌های قبل و بعد از جراحی سینوس لیفت | راهنمای کامل بیماران,0,0,0.0,0.0,advanced-dental-implant,P0,migrate-to-knowledge-center,/fa/knowledge/sinus-lift-care,yes,Substantial standalone article on core topic (advanced-dental-implant); migrate into Knowledge Center as its own article and redirect old URL to it; cross-link from /fa/services/advanced-dental-implant.
https://dralirezasadighi.com/eyebrow-gliding-lift/,post,publish,لیفت گلایدینگ ابرو؛ روشی نوین برای جوانسازی طبیعی پیشانی و ابرو,6,66,0.0909,5.0,advanced-dental-implant,P0,migrate-to-knowledge-center,/fa/knowledge/eyebrow-gliding-lift,yes,Substantial standalone article on core topic (advanced-dental-implant); migrate into Knowledge Center as its own article and redirect old URL to it; cross-link from /fa/services/advanced-dental-implant.
https://dralirezasadighi.com/best-rhinoplasty-surgeon-tabriz/,post,publish,انتخاب بهترین جراح بینی در تبریز؛ راهنمای تخصصی با رویکرد دکتر علیرضا صدیقی,2,62,0.0323,28.03,advanced-dental-implant,P0,migrate-to-knowledge-center,/fa/knowledge/best-rhinoplasty-surgeon-tabriz,yes,Substantial standalone article on core topic (advanced-dental-implant); migrate into Knowledge Center as its own article and redirect old URL to it; cross-link from /fa/services/advanced-dental-implant.
https://dralirezasadighi.com/?page_id=8,page,draft,درباره ما 1,0,0,0.0,0.0,doctor-profile,P3,do-not-migrate,,no,"No content, no Elementor data, no Aparat embed, and zero Search Console signal — safe to leave out."
https://dralirezasadighi.com/about-us/,page,publish,درباره ما,148,21575,0.0069,5.83,doctor-profile,P0,redirect-to-home-or-about,/fa/about,yes,About/biography-style content — consolidate into the new About page.
https://dralirezasadighi.com/دکتر-علیرضا-صدیقی-2/,page,publish,خدمات ما,0,29,0.0,45.38,uncategorized,P1,needs-manual-review,,yes,Traffic present but topic unclear from title/categories/slug — classify manually before deciding redirect target.
https://dralirezasadighi.com/contact/,page,publish,تماس با ما,204,20589,0.0099,5.8,clinic-info,P0,redirect-to-home-or-about,/fa/contact,yes,Clinic/contact-info content — consolidate into Contact or About; confirm which manually.
https://dralirezasadighi.com/خدمات-ما/,page,publish,خدمات ما,0,93,0.0,16.1,uncategorized,P1,needs-manual-review,,yes,Traffic present but topic unclear from title/categories/slug — classify manually before deciding redirect target.
https://dralirezasadighi.com/سوالات-متداول-بلفاروپلاستی/,page,publish,سوالات متداول بلفاروپلاستی,4,52,0.0769,6.9,blepharoplasty,P0,migrate-to-knowledge-center,/fa/knowledge/سوالات-متداول-بلفاروپلاستی,yes,Substantial standalone article on core topic (blepharoplasty); migrate into Knowledge Center as its own article and redirect old URL to it; cross-link from /fa/services/facial-cosmetic-surgery.
https://dralirezasadighi.com/appointment-form/,page,publish,فرم وقت ملاقات,7,2592,0.0027,3.02,uncategorized,P0,needs-manual-review,,yes,Traffic present but topic unclear from title/categories/slug — classify manually before deciding redirect target.
https://dralirezasadighi.com/,page,publish,دکتر علیرضا صدیقی,8073,50464,0.16,6.34,uncategorized,P0,needs-manual-review,,yes,Traffic present but topic unclear from title/categories/slug — classify manually before deciding redirect target.
https://dralirezasadighi.com/?page_id=3557,page,draft,Refund and Returns Policy,0,0,0.0,0.0,uncategorized,P3,do-not-migrate,,no,"No content, no Elementor data, no Aparat embed, and zero Search Console signal — safe to leave out."
https://dralirezasadighi.com/?page_id=6053,page,draft,مراقبت های بعد از عمل,0,0,0.0,0.0,care-instructions,P3,do-not-migrate,,no,"No content, no Elementor data, no Aparat embed, and zero Search Console signal — safe to leave out."
https://dralirezasadighi.com/جراحی-دندان/,page,publish,جراحی دندان,2,281,0.0071,41.84,general-dental,P1,migrate-to-knowledge-center,,yes,General dental content with some traffic — migrate as a standalone Knowledge Center article.
https://dralirezasadighi.com/جراحی-ایمپلنت/,page,publish,جراحی ایمپلنت,0,4,0.0,2.75,advanced-dental-implant,P0,migrate-to-knowledge-center,/fa/knowledge/جراحی-ایمپلنت,yes,Substantial standalone article on core topic (advanced-dental-implant); migrate into Knowledge Center as its own article and redirect old URL to it; cross-link from /fa/services/advanced-dental-implant.
https://dralirezasadighi.com/تازه-های-فک-و-صورت/,page,publish,تازه های فک و صورت,0,11,0.0,7.18,uncategorized,P1,needs-manual-review,,yes,Traffic present but topic unclear from title/categories/slug — classify manually before deciding redirect target.
https://dralirezasadighi.com/سوالات-متداول-ایمپلنت/,page,publish,سوالات متداول ( ایمپلنت ),1,34,0.0294,31.0,advanced-dental-implant,P0,migrate-to-knowledge-center,/fa/knowledge/سوالات-متداول-ایمپلنت,yes,Substantial standalone article on core topic (advanced-dental-implant); migrate into Knowledge Center as its own article and redirect old URL to it; cross-link from /fa/services/advanced-dental-implant.
https://dralirezasadighi.com/جراحی-بلفاروپلاستی/,page,publish,جراحی بلفاروپلاستی,4,63,0.0635,10.38,blepharoplasty,P0,migrate-to-knowledge-center,/fa/knowledge/جراحی-بلفاروپلاستی,yes,Substantial standalone article on core topic (blepharoplasty); migrate into Knowledge Center as its own article and redirect old URL to it; cross-link from /fa/services/facial-cosmetic-surgery.
https://dralirezasadighi.com/خدمات-زیبایی/,page,publish,خدمات زیبایی,16,5446,0.0029,9.57,uncategorized,P0,needs-manual-review,,yes,Traffic present but topic unclear from title/categories/slug — classify manually before deciding redirect target.
https://dralirezasadighi.com/جراحی-فک-و-دندان/,page,publish,جراحی فک و دندان,8,7908,0.001,4.8,orthognathic-surgery,P0,migrate-to-knowledge-center,/fa/knowledge/جراحی-فک-و-دندان,yes,Substantial standalone article on core topic (orthognathic-surgery); migrate into Knowledge Center as its own article and redirect old URL to it; cross-link from /fa/services/orthognathic-surgery.
https://dralirezasadighi.com/بلفاروپلاستی/,page,publish,بلفاروپلاستی,17,9481,0.0018,8.18,blepharoplasty,P0,needs-manual-review,/fa/knowledge/بلفاروپلاستی,yes,"DATA ISSUE: 2 WordPress posts (post_ids 7168, 7212) share this exact live URL — WordPress can only serve one of them. Resolve which post is canonical before deciding a migration target. Substantial standalone article on core topic (blepharoplasty); migrate into Knowledge Center as its own article and redirect old URL to it; cross-link from /fa/services/facial-cosmetic-surgery."
https://dralirezasadighi.com/زیبایی-بینی/,page,publish,زیبایی بینی,23,13993,0.0016,6.57,rhinoplasty,P0,migrate-to-knowledge-center,/fa/knowledge/زیبایی-بینی,yes,Substantial standalone article on core topic (rhinoplasty); migrate into Knowledge Center as its own article and redirect old URL to it; cross-link from /fa/services/rhinoplasty.
https://dralirezasadighi.com/صفحه-اصلی/,page,publish,صفحه اصلی,22,1354,0.0162,6.45,uncategorized,P0,needs-manual-review,,yes,Traffic present but topic unclear from title/categories/slug — classify manually before deciding redirect target.
https://dralirezasadighi.com/بوتاکس/,page,publish,بوتاکس,10,8278,0.0012,6.95,facial-cosmetic-surgery,P0,migrate-to-knowledge-center,/fa/knowledge/بوتاکس,yes,Substantial standalone article on core topic (facial-cosmetic-surgery); migrate into Knowledge Center as its own article and redirect old URL to it; cross-link from /fa/services/facial-cosmetic-surgery.
https://dralirezasadighi.com/تزریق-فیلر/,page,publish,تزریق فیلر,6,200,0.03,26.5,facial-cosmetic-surgery,P0,migrate-to-knowledge-center,/fa/knowledge/تزریق-فیلر,yes,Substantial standalone article on core topic (facial-cosmetic-surgery); migrate into Knowledge Center as its own article and redirect old URL to it; cross-link from /fa/services/facial-cosmetic-surgery.
https://dralirezasadighi.com/پروتز-گونه/,page,publish,پروتز گونه,21,5521,0.0038,25.59,facial-cosmetic-surgery,P0,migrate-to-knowledge-center,/fa/knowledge/پروتز-گونه,yes,Substantial standalone article on core topic (facial-cosmetic-surgery); migrate into Knowledge Center as its own article and redirect old URL to it; cross-link from /fa/services/facial-cosmetic-surgery.
https://dralirezasadighi.com/بوکال-فت/,page,publish,بوکال فت,7,606,0.0116,33.57,uncategorized,P0,needs-manual-review,,yes,Traffic present but topic unclear from title/categories/slug — classify manually before deciding redirect target.
https://dralirezasadighi.com/ساکشن-غبغب/,page,publish,ساکشن غبغب,1,461,0.0022,59.66,facial-cosmetic-surgery,P0,migrate-to-knowledge-center,/fa/knowledge/ساکشن-غبغب,yes,Substantial standalone article on core topic (facial-cosmetic-surgery); migrate into Knowledge Center as its own article and redirect old URL to it; cross-link from /fa/services/facial-cosmetic-surgery.
https://dralirezasadighi.com/لیفت-ابرو-و-شقیقه/,page,publish,لیفت ابرو و شقیقه,75,15154,0.0049,10.04,facial-cosmetic-surgery,P0,migrate-to-knowledge-center,/fa/knowledge/لیفت-ابرو-و-شقیقه,yes,Substantial standalone article on core topic (facial-cosmetic-surgery); migrate into Knowledge Center as its own article and redirect old URL to it; cross-link from /fa/services/facial-cosmetic-surgery.
https://dralirezasadighi.com/لیفت-صورت/,page,publish,لیفت صورت,4,3420,0.0012,8.67,facial-cosmetic-surgery,P0,migrate-to-knowledge-center,/fa/knowledge/لیفت-صورت,yes,Substantial standalone article on core topic (facial-cosmetic-surgery); migrate into Knowledge Center as its own article and redirect old URL to it; cross-link from /fa/services/facial-cosmetic-surgery.
https://dralirezasadighi.com/بازسازی-نواقص-صورت/,page,publish,بازسازی نواقص صورت,2,38,0.0526,11.82,uncategorized,P1,needs-manual-review,,yes,Traffic present but topic unclear from title/categories/slug — classify manually before deciding redirect target.
https://dralirezasadighi.com/جراحی-ایمپلنت-2/,page,publish,جراحی ایمپلنت,29,3018,0.0096,9.16,advanced-dental-implant,P0,migrate-to-knowledge-center,/fa/knowledge/جراحی-ایمپلنت-2,yes,Substantial standalone article on core topic (advanced-dental-implant); migrate into Knowledge Center as its own article and redirect old URL to it; cross-link from /fa/services/advanced-dental-implant.
https://dralirezasadighi.com/جراحی-فک-2/,page,publish,جراحی فک,19,10050,0.0019,4.59,orthognathic-surgery,P0,migrate-to-knowledge-center,/fa/knowledge/جراحی-فک-2,yes,Substantial standalone article on core topic (orthognathic-surgery); migrate into Knowledge Center as its own article and redirect old URL to it; cross-link from /fa/services/orthognathic-surgery.
https://dralirezasadighi.com/جراحی-دندان-عقل/,page,publish,جراحی دندان عقل,5,1102,0.0045,14.41,impacted-tooth-surgery,P0,migrate-to-knowledge-center,/fa/knowledge/جراحی-دندان-عقل,yes,Substantial standalone article on core topic (impacted-tooth-surgery); migrate into Knowledge Center as its own article and redirect old URL to it; cross-link from /fa/services/impacted-tooth-surgery.
https://dralirezasadighi.com/جراحی-دندان-نهفته/,page,publish,جراحی دندان نهفته,0,36,0.0,28.64,impacted-tooth-surgery,P0,migrate-to-knowledge-center,/fa/knowledge/جراحی-دندان-نهفته,yes,Substantial standalone article on core topic (impacted-tooth-surgery); migrate into Knowledge Center as its own article and redirect old URL to it; cross-link from /fa/services/impacted-tooth-surgery.
https://dralirezasadighi.com/نمونه-درمان/,page,publish,نمونه درمان,67,3337,0.0201,8.12,uncategorized,P0,needs-manual-review,,yes,Traffic present but topic unclear from title/categories/slug — classify manually before deciding redirect target.
https://dralirezasadighi.com/مراقبت-های-قبل-از-جراحی/,page,publish,مراقبت های قبل و بعد از جراحی,0,0,0.0,0.0,care-instructions,P0,needs-manual-review,/fa/care-instructions,yes,Care-instruction content without a clear match to an existing care topic — review before mapping.
