legacy_path,title,content_length,clicks,impressions,topic_cluster,current_redirect_target,disposition
/بهترین-جراح-فک-در-تبریز-راهنمای-کامل-ا,بهترین جراح فک در تبریز - راهنمای کامل انتخاب و نکات مهم,6359,59,5148,orthognathic-surgery,/about,approved-redirect-to-about-not-migrated
/25-سوال-متداول-در-مورد-جراحی-لیفت-صورت-که,25 سوال متداول در مورد جراحی لیفت صورت,4766,58,929,facial-cosmetic-surgery,/knowledge/25-سوال-متداول-در-مورد-جراحی-لیفت-صورت-که,batch-2-implemented
/cas-چیست-و-کاربرد-های-آن,CAS چیست و کاربرد های آن,1906,57,2972,orthognathic-surgery,/knowledge/جراحی-فک-دیجیتال,batch-2-implemented
/راهنمای-جامع-ایمپلنت-دندان-در-تبریز,راهنمای جامع ایمپلنت دندان در تبریز,11590,50,234,advanced-dental-implant,/knowledge/راهنمای-جامع-ایمپلنت-دندان-در-تبریز,batch-2-implemented
/ناقرینگیهای-ناشی-از-تروما-به-صورت-عل,ناقرینگی‌های ناشی از تروما به صورت: علل، تشخیص و درمان,3437,46,1808,facial-trauma-surgery,/knowledge/ناقرینگیهای-ناشی-از-تروما-به-صورت-عل,batch-2-implemented
/تزریق-بوتاکس-برای-از-بین-بردن-دندان-قرو,تزریق بوتاکس برای از بین بردن دندان قروچه راهکاری نوین و مؤثر,1889,44,1167,facial-cosmetic-surgery,/knowledge/تزریق-بوتاکس-برای-از-بین-بردن-دندان-قرو,batch-2-implemented
/انواع-تزریق-چربی-میکروفت،-نانوفت-و-سای,انواع تزریق چربی: میکروفت، نانوفت و سایرین,4046,42,1571,uncategorized,/knowledge/انواع-تزریق-چربی-میکروفت،-نانوفت-و-سای,batch-2-implemented
/جراحی-دیجیتال-فک,جراحی دیجیتال فک,2474,41,385,orthognathic-surgery,/knowledge/جراحی-فک-دیجیتال,batch-2-implemented
/چرا-دکتر-علیرضا-صدیقی-را-برای-جراحی-فک-ا,چرا دکتر علیرضا صدیقی را برای جراحی فک انتخاب کنیم: انتخابی برتر برای دقت و برتری,18323,39,1723,orthognathic-surgery,/about,approved-redirect-to-about-not-migrated
/اموزش-دوره-ها-تخصصی-ایمپلنت,اموزش دوره ها تخصصی ایمپلنت,103,37,314,advanced-dental-implant,/services/advanced-dental-implant,pending-batch-3-or-4
/جراحی-چانه-پروتز-فیلر-جینیوپلاستی,جراحی چانه: بررسی علمی روش‌های اصلاح فرم چانه با پروتز، جینیوپلاستی و فیلر + مزایا، معایب و هزینه‌ها,4412,31,2482,facial-cosmetic-surgery,/knowledge/جراحی-چانه-پروتز-فیلر-جینیوپلاستی,batch-2-implemented
/facial-asymmetry-due-to-trauma-causes-diagnosis-and-treatment,"Facial Asymmetry Due to Trauma: Causes, Diagnosis, and Treatment",3152,26,2180,uncategorized,/en/knowledge/facial-asymmetry-due-to-trauma-causes-diagnosis-and-treatment,batch-2-implemented
/جراحی-ناقرینگیهای-صورت-رویکردها-و-م,جراحی ناقرینگی‌های صورت: رویکردها و مزایا,3244,25,1930,orthognathic-surgery,/knowledge/ناقرینگیهای-ناشی-از-تروما-به-صورت-عل,batch-2-implemented
/ایمپلنت-دندان-اقساطی,ایمپلنت دندان اقساطی | کاشت دندان با شرایط پرداخت ویژه در تبریز و تهران,3322,25,1452,advanced-dental-implant,/services/advanced-dental-implant,pending-batch-3-or-4
/بیماری-کندیلار-هایپرپلاژیا-علل،-تشخی,بیماری کندیلار هایپرپلاژیا: علل، تشخیص و درمان,3190,22,335,orthognathic-surgery,/knowledge/بیماری-کندیلار-هایپرپلاژیا-علل،-تشخی,batch-2-implemented
/جراحی-فک-دیجیتال,جراحی فک دیجیتال: تحول نوین در دقت و نتایج جراحی‌های فک و صورت,2728,20,339,orthognathic-surgery,/knowledge/جراحی-فک-دیجیتال,batch-2-implemented
/جراحی-فک-خطرناک,آیا جراحی فک خطرناک است؟ بررسی علمی عوارض، مزایا و نکات مهم پیش از عمل,3119,19,2225,orthognathic-surgery,/knowledge/جراحی-فک-خطرناک,batch-2-implemented
/سینوس-لیفت-و-ایمپلنت-دندان,سینوس لیفت تخصصی و کاشت ایمپلنت دندان با بهترین تکنیک‌های روز دنیا در کلینیک دکتر صدیقی – تهران و تبریز,4523,18,888,advanced-dental-implant,/knowledge/سینوس-لیفت-و-ایمپلنت-دندان,batch-2-implemented
/مقایسه-ایمپلنت-و-دندان-طبیعی-بررسی-تفا,مقایسه ایمپلنت و دندان طبیعی: بررسی تفاوت‌ها در ساختار، عملکرد و طول عمر,9656,17,461,advanced-dental-implant,/knowledge/مقایسه-ایمپلنت-و-دندان-طبیعی-بررسی-تفا,batch-2-implemented
/جراحی-فک-کم-تهاجمی,جراحی فک کم تهاجمی: درمانی نوین با حداقل درد و دوران نقاهت کوتاه,3054,17,395,orthognathic-surgery,/knowledge/جراحی-فک-کم-تهاجمی,batch-2-implemented
/مزایای-جراحی-فک-و-معرفی-بهترین-جراح-فک،,مزایای جراحی فک و معرفی بهترین جراح فک، دکتر علیرضا صدیقی,4727,16,734,orthognathic-surgery,/about,approved-redirect-to-about-not-migrated
/جراحی-جلوآمدگی-فک-پایین-2,جراحی جلوآمدگی فک پایین | درمان جلو بودن فک پایین و اصلاح ناهنجاری فک + عکس قبل و بعد,10084,14,1362,orthognathic-surgery,/knowledge/جراحی-جلوآمدگی-فک-پایین-2,batch-2-implemented
/رضایت-بیمار-از-جراحی-فک,رضایت بیمار از جراحی فک,85,12,192,orthognathic-surgery,/services/orthognathic-surgery,reserved-for-testimonials-feature
/درمان-غیر-قرینگی-صورت-راهکارها،-نقش-اس,درمان غیر قرینگی صورت: راهکارها، نقش اسکن طب هسته‌ای و زمان مناسب برای جراحی فک,5173,12,139,orthognathic-surgery,/knowledge/ناقرینگیهای-ناشی-از-تروما-به-صورت-عل,batch-2-implemented
/خنده-لثهای؛-علل،-تشخیص-و-روشهای-درم,خنده لثه‌ای؛ علل، تشخیص و روش‌های درمانی توسط دکتر علیرضا صدیقی، بهترین جراح فک در ایران,5001,11,1419,uncategorized,,pending-business-relevance-decision
/عوارض-ایمپلنت-دندان,عوارض ایمپلنت دندان: واقعیت یا نگرانی بی‌مورد؟,4053,11,1560,advanced-dental-implant,/services/advanced-dental-implant,pending-batch-3-or-4
/نگاهی-به-انواع-جراحی-دندان-و-آشنایی-با-م,نگاهی به انواع جراحی دندان و آشنایی با مراقبت های بعد از آن,7716,10,748,care-instructions,,pending-batch-3-or-4
/صدای-فک-و-اختلالات-مفصل-tmj-علل،-راهکارها,صدای فک و اختلالات مفصل TMJ: علل، راهکارها و درمان‌ها,5314,10,469,uncategorized,/services/orthognathic-surgery,pending-batch-3-or-4
/ایمپلنت-اشترومن-در-تبریز؛-بهترین-راه,ایمپلنت اشترومن تبریز (Straumann)؛ ایمپلنت سوئیسی با طرح درمان تخصصی,4784,10,119,advanced-dental-implant,/services/advanced-dental-implant,pending-batch-3-or-4
/رینوپلاستی-چیست؟,رینوپلاستی چیست؟,3093,9,515,rhinoplasty,/services/rhinoplasty,pending-batch-3-or-4
/آشنایی-با-انواع-عمل-جراحی-زیبایی-صورت,آشنایی با انواع عمل جراحی زیبایی صورت,6897,9,2287,facial-cosmetic-surgery,/services/facial-cosmetic-surgery,pending-batch-3-or-4
/جراحی-سینوس-لیفت-چیست؟,جراحی سینوس لیفت چیست؟,4499,9,809,care-instructions,/services/facial-cosmetic-surgery,pending-batch-3-or-4
/درد-دندان-عقل,چرا دندان عقل درد می‌کند؟ دلایل و راه‌حل‌های تخصصی,5278,9,335,impacted-tooth-surgery,/services/impacted-tooth-surgery,pending-batch-3-or-4
/جوانسازی-صورت-با-فیلر-تهران-و-تبریز,جوانسازی صورت با فیلر: راهی سریع و مؤثر برای زیبایی طبیعی در تهران و تبریز,6017,9,642,facial-cosmetic-surgery,/services/facial-cosmetic-surgery,pending-batch-3-or-4
/فک-پایین-عقبرفته,فک پایین عقب‌رفته چیست؟ دلایل، علائم و اهمیت درمان آن,4198,9,796,orthognathic-surgery,/knowledge/فک-پایین-عقبرفته,batch-2-implemented
/recessed-lower-jaw-causes-symptoms-and-treatment,"Recessed Lower Jaw: Causes, Symptoms, and Treatment",3848,9,9983,orthognathic-surgery,/en/knowledge/recessed-lower-jaw-causes-symptoms-and-treatment,batch-2-implemented
/دندان-قروچه,دندان قروچه,7086,8,292,general-dental,,pending-business-relevance-decision
/رضایت-بیمار-پس-از-جراحی-بلفاروپلاستی,رضایت بیمار پس از جراحی بلفاروپلاستی,87,7,110,blepharoplasty,/services/facial-cosmetic-surgery,reserved-for-testimonials-feature
/25-سوال-متداول-در-مورد-تزریق-بوتاکس-برای,25 سوال متداول در مورد تزریق بوتاکس برای جوانسازی پیشانی، دور چشم و درمان دندان قروچه,4585,7,471,facial-cosmetic-surgery,/services/facial-cosmetic-surgery,pending-batch-3-or-4
/راهنمای-جامع-ایمپلنت-دندان-در-تبریز-2,راهنمای جامع ایمپلنت دندان در تبریز | معرفی متخصصین، هزینه‌ها و خدمات فوری و اقساطی,5006,7,332,advanced-dental-implant,/knowledge/راهنمای-جامع-ایمپلنت-دندان-در-تبریز,batch-2-implemented
/بهترین-دندانپزشک-برای-ایمپلنت-دندان-د,بهترین دندانپزشک برای ایمپلنت دندان در تبریز؛ انتخابی که لبخند شما را تضمین می‌کند,4499,7,1440,advanced-dental-implant,/services/advanced-dental-implant,pending-batch-3-or-4
/جراحی-زیبایی-بینی,جراحی زیبایی بینی | راهنمای کامل عمل بینی طبیعی با بهترین نتایج,7775,7,312,rhinoplasty,/services/rhinoplasty,pending-batch-3-or-4
/همه-چیز-در-مورد-دندان-عقل,همه چیز در مورد دندان عقل,2355,6,348,impacted-tooth-surgery,/services/impacted-tooth-surgery,pending-batch-3-or-4
/eyebrow-gliding-lift,لیفت گلایدینگ ابرو؛ روشی نوین برای جوانسازی طبیعی پیشانی و ابرو,10158,6,66,advanced-dental-implant,/services/facial-cosmetic-surgery,pending-batch-3-or-4
/جراحی-فک-به-روش-دیجیتال,جراحی فک به روش دیجیتال,0,5,226,orthognathic-surgery,/knowledge/جراحی-فک-دیجیتال,batch-2-implemented
/ماسک-دندان-چیست-و-چه-کاربردی-دارد؟,ماسک دندان چیست و چه کاربردی دارد؟,7313,5,1471,general-dental,,pending-business-relevance-decision
/جراحی-فک-چیست-و-چرا-انجام-میشود؟,جراحی فک چیست و چرا انجام می‌شود؟,3778,5,1113,orthognathic-surgery,/services/orthognathic-surgery,pending-batch-3-or-4
/دلایل-و-مزایا-اهمیت-انجام-ارتودنسی-قبل,دلایل و مزایا اهمیت انجام ارتودنسی قبل از جراحی فک,3700,5,296,orthognathic-surgery,,pending-business-relevance-decision
/تفاوت-جراحی-دندان-عقل-با-کشیدن-ساده,تفاوت جراحی دندان عقل با کشیدن ساده | راهنمای کامل توسط دکتر علیرضا صدیقی,3233,5,375,impacted-tooth-surgery,/services/impacted-tooth-surgery,pending-batch-3-or-4
/درمان-ریشه-و-عصب-کشی-چه-تفاوتی-دارند؟,درمان ریشه و عصب کشی چه تفاوتی دارند؟,6666,4,379,uncategorized,,pending-business-relevance-decision
/لیپوساکشن-و-تزریق-چربی-روشهای-نوین-ج,لیپوساکشن و تزریق چربی - روش‌های نوین جوانسازی صورت برای زیبایی و طراوت بیشتر,4681,4,521,facial-cosmetic-surgery,/services/facial-cosmetic-surgery,pending-batch-3-or-4
/بهترین-برندهای-ایمپلنت-دندانی-اشتروم,بهترین برندهای ایمپلنت دندانی: مقایسه‌ای تخصصی از اشترومن، زیممر بیومت، بیوهورایزن، استم، نئودنت و آی‌سی‌ایکس,4413,4,170,advanced-dental-implant,/services/advanced-dental-implant,pending-batch-3-or-4
/ایمپلنت-ساب-پریوستئال-دیجیتال,ایمپلنت ساب پریوستئال دیجیتال,138,3,115,advanced-dental-implant,/services/advanced-dental-implant,pending-batch-3-or-4
/جراحی-فک-و-مواردی-که-باید-بدانید,جراحی فک و مواردی که باید بدانید,4176,3,84,orthognathic-surgery,/services/orthognathic-surgery,pending-batch-3-or-4
/بوتاکس-برای-جوانسازی-پیشانی-و-دور-چشم-ر,بوتاکس برای جوانسازی پیشانی و دور چشم: راز زیبایی بی‌نقص,2078,3,315,facial-cosmetic-surgery,/services/facial-cosmetic-surgery,pending-batch-3-or-4
/جراحی-فک-ارتوگناتیک-مراحل-و-روند-درما,جراحی فک (ارتوگناتیک): مراحل و روند درمان,5091,3,672,impacted-tooth-surgery,/knowledge/جراحی-فک-ارتوگناتیک-مراحل-و-روند-درما,batch-2-implemented
/رضایت-بیمار-از-جراحی-فک-بالا-و-پایین,رضایت بیمار از جراحی فک بالا و پایین,77,2,16,orthognathic-surgery,/services/orthognathic-surgery,reserved-for-testimonials-feature
/جراحی-دندان-عقل-در-تهران-و-تبریز-چرا-ان,جراحی دندان عقل در تهران و تبریز: چرا انتخاب کلینیک دکتر علیرضا صدیقی بهترین گزینه است؟,5337,2,62,impacted-tooth-surgery,/services/impacted-tooth-surgery,pending-batch-3-or-4
/راهنمای-جامع-کاشت-دندان-و-ایمپلنت-در-تب,راهنمای جامع کاشت دندان و ایمپلنت در تبریز و تهران: تجربه دکتر صدیقی، بهترین جراح ایمپلنت ایران,6414,2,78,advanced-dental-implant,/services/advanced-dental-implant,pending-batch-3-or-4
/ایمپلنت-سوئیسی-دیجیتالی,ایمپلنت سوئیسی دیجیتالی؛ بهترین روش جایگزینی دندان از دست رفته | دکتر صدیقی,4184,2,237,advanced-dental-implant,/services/advanced-dental-implant,pending-batch-3-or-4
/ایمپلنت-دندان-قیمت-ایمپلنت-دندان,ایمپلنت دندان؛ بازسازی عملکرد و زیبایی لبخند با جدیدترین تکنولوژی روز,7917,2,45,advanced-dental-implant,/services/advanced-dental-implant,pending-batch-3-or-4
/best-rhinoplasty-surgeon-tabriz,انتخاب بهترین جراح بینی در تبریز؛ راهنمای تخصصی با رویکرد دکتر علیرضا صدیقی,9820,2,62,advanced-dental-implant,/services/rhinoplasty,pending-batch-3-or-4
/انواع-روش-های-جراحی-چانه,انواع روش های جراحی چانه,235,1,1239,orthognathic-surgery,/services/facial-cosmetic-surgery,pending-batch-3-or-4
/پل-دندان-یا-بریج-دندان-چیست؟,پل دندان یا بریج دندان چیست؟,8760,1,466,general-dental,,pending-business-relevance-decision
/رضایت-بیمار-از-جراحی-بینی,رضایت بیمار از جراحی بینی,85,1,158,rhinoplasty,/services/rhinoplasty,reserved-for-testimonials-feature
/راهنمای-کامل-درمان-لبخند-لثهای-علل،,راهنمای کامل درمان لبخند لثه‌ای: علل، روش‌های پیشگیری و راهکارهای درمان,5909,1,47,orthognathic-surgery,,pending-business-relevance-decision
/روند-درمانی-و-ترتیب-درمانی-جراحی-فک،-ای,روند درمانی و ترتیب درمانی جراحی فک، ایمپلنت، پیوند استخوان، جراحی دندان عقل و ارتودنسی,5990,1,12,impacted-tooth-surgery,/services/orthognathic-surgery,pending-batch-3-or-4
/treatment-of-facial-asymmetry-solutions-the-role-of-nuclear-medicine-scans-and-the-appropriate-age-for-jaw-surgery,"Treatment of Facial Asymmetry: Solutions, the Role of Nuclear Medicine Scans, and the Appropriate Age for Jaw Surgery",6272,1,17,orthognathic-surgery,/en/knowledge/facial-asymmetry-due-to-trauma-causes-diagnosis-and-treatment,batch-2-implemented
/همهچیز-درباره-دندان-عقل-زمان-مناسب-ب,همه‌چیز درباره دندان عقل: زمان مناسب برای کشیدن و عوارض احتمالی باقی‌ماندن آن,4189,1,113,impacted-tooth-surgery,/knowledge/تفاوت-کشیدن-دندان-و-جراحی-دندان-عقل,fixed-redirect-only
/موفقیت-۱۳-واحد-ایمپلنت-پساز-دو-سال-بی,موفقیت ۱۳ واحد ایمپلنت پس‌از دو سال بی هیچ مشکلی,123,1,130,advanced-dental-implant,/services/advanced-dental-implant,do-not-migrate
/ایمپلنت-دیجیتال,ایمپلنت دیجیتال: تحولی نوین در دندان‌پزشکی مدرن,3794,1,163,advanced-dental-implant,/services/advanced-dental-implant,pending-batch-3-or-4
/ایمپلنت-در-تهران,ایمپلنت در تهران از نگاه بیماران؛ مقایسه واقعی بین مراکز درمانی معتبر,5189,1,125,advanced-dental-implant,/services/advanced-dental-implant,pending-batch-3-or-4
/ایمپلنت-اقساطی-در-تهران,ایمپلنت اقساطی در تهران برای همه؛ از دغدغه مالی تا لبخند سالم در کنار بهترین متخصصین,5123,1,1603,advanced-dental-implant,/services/advanced-dental-implant,pending-batch-3-or-4
/elementor-6252,انواع روش های افزایش حجم گونه,337,0,21,facial-cosmetic-surgery,,do-not-migrate
/توضیحاتی-در-مورد-ایمپلنت-دیجیتال,توضیحاتی در مورد ایمپلنت دیجیتال,0,0,8,advanced-dental-implant,/services/advanced-dental-implant,pending-batch-3-or-4
/استفاده-از-تکنولوژی-دیجیتال-در-جراحی-ف,استفاده از تکنولوژی دیجیتال در جراحی فک,0,0,94,orthognathic-surgery,,pending-batch-3-or-4
/رینوپلاستی-بینی-گوشتی,رینوپلاستی بینی گوشتی,0,0,10,rhinoplasty,/services/rhinoplasty,pending-batch-3-or-4
/شکاف-لب-و-کام-چیست؟,شکاف لب و کام چیست؟,3259,0,205,uncategorized,/services/facial-reconstruction-surgery,pending-batch-3-or-4
/elementor-7929,ارتودنسی دندان + همه چیز درباره آن,7078,0,74,general-dental,,do-not-migrate
/بلیچینگ-دندان؛-راهی-برای-داشتن-لبخندی,بلیچینگ دندان؛ راهی برای داشتن لبخندی درخشان‌تر,9322,0,0,general-dental,,pending-business-relevance-decision
/کامپوزیت-دندان؛-آشنایی-با-انواع،-مزای,کامپوزیت دندان؛ آشنایی با انواع، مزایا و هزینه کامپوزیت دندان,6487,0,989,general-dental,,pending-business-relevance-decision
/لمینت-دندان؛-راهکاری-نوین-در-ترمیم،-و-ز,لمینت دندان؛ راهکاری نوین در ترمیم، و زیبایی دندان‌ها,10815,0,1,general-dental,,pending-business-relevance-decision
/همه-آنچه-باید-در-مورد-ایمپلنت-دندان-بدا,همه آنچه باید در مورد ایمپلنت دندان بدانید!,8499,0,2,advanced-dental-implant,/services/advanced-dental-implant,pending-batch-3-or-4
/سینوس-لیفت-چیست؟,سینوس لیفت چیست؟,5489,0,1,orthognathic-surgery,/services/facial-cosmetic-surgery,pending-batch-3-or-4
/همه-چیز-در-مورد-رینوپلاستی,همه چیز در مورد رینوپلاستی,1503,0,2,rhinoplasty,/services/rhinoplasty,pending-batch-3-or-4
/ایمپلنت-یک-روزه,ایمپلنت یک روزه,1946,0,47,advanced-dental-implant,/services/advanced-dental-implant,pending-batch-3-or-4
/پیوند-استخوان-برای-ایمپلنتهای-دندان,پیوند استخوان برای ایمپلنت‌های دندانی: چرا و چه زمانی به این جراحی نیاز داریم؟,3413,0,12,advanced-dental-implant,/services/advanced-dental-implant,pending-batch-3-or-4
/a-comprehensive-guide-to-treating-gummy-smile-causes-prevention-and-treatment-options,"A Comprehensive Guide to Treating Gummy Smile: Causes, Prevention, and Treatment Options",6631,0,99,general-dental,,pending-business-relevance-decision
/why-choose-dr-alireza-sedighi-for-jaw-surgery-a-top-choice-for-precision-and-excellence,Why Choose Dr. Alireza Sedighi for Jaw Surgery: A Top Choice for Precision and Excellence,20661,0,0,uncategorized,/services/orthognathic-surgery,approved-redirect-to-about-not-migrated
/استفاده-از-تکنولوژی-دیجیتال-در-جراحی-ت,استفاده از تکنولوژی دیجیتال در جراحی تصحیح ناقرینگی صورت,3606,0,0,orthognathic-surgery,,pending-batch-3-or-4
/digital-technology-in-corrective-facial-asymmetry-surgery,Digital Technology in Corrective Facial Asymmetry Surgery,3714,0,47,uncategorized,/en/knowledge/facial-asymmetry-due-to-trauma-causes-diagnosis-and-treatment,batch-2-implemented
/optimal-timing-for-wisdom-tooth-surgery-jaw-surgery-and-dental-implants-during-orthodontic-treatment,"Optimal Timing for Wisdom Tooth Surgery, Jaw Surgery, and Dental Implants During Orthodontic Treatment",4142,0,129,orthognathic-surgery,/services/impacted-tooth-surgery,pending-batch-3-or-4
/jaw-clicking-and-tmj-disorders-causes-treatments-and-solutions,"Jaw Clicking and TMJ Disorders: Causes, Treatments, and Solutions",7339,0,37,uncategorized,/services/orthognathic-surgery,pending-batch-3-or-4
/facial-rejuvenation-with-fillers-a-quick-and-effective-path-to-natural-beauty-in-tehran-and-tabriz,Facial Rejuvenation with Fillers: A Quick and Effective Path to Natural Beauty in Tehran and Tabriz,6353,0,123,uncategorized,/services/facial-cosmetic-surgery,pending-batch-3-or-4
/innovative-techniques-for-correcting-mandibular-prognathism-combining-functionality-and-aesthetics,Innovative Techniques for Correcting Mandibular Prognathism: Combining Functionality and Aesthetics,4547,0,52,uncategorized,,pending-batch-3-or-4
/جراحی-جلوآمدگی-فک-پایین,روش‌های نوین جراحی برای اصلاح جلوآمدگی فک پایین: ترکیب زیبایی و عملکرد,4450,0,0,orthognathic-surgery,/knowledge/جراحی-جلوآمدگی-فک-پایین-2,batch-2-implemented
/comprehensive-guide-to-lower-jaw-surgery-everything-you-need-to-know,Comprehensive Guide to Lower Jaw Surgery: Everything You Need to Know,4786,0,90,orthognathic-surgery,/en/knowledge/recessed-lower-jaw-causes-symptoms-and-treatment,batch-2-implemented
/lower-jaw-surgery-for-receding-jaw-improving-function-and-aesthetics,Lower Jaw Surgery for Receding Jaw: Improving Function and Aesthetics,4205,0,363,orthognathic-surgery,/en/knowledge/recessed-lower-jaw-causes-symptoms-and-treatment,batch-2-implemented
/ایمپلنت-دندان-بدون-درد,ایمپلنت دندان بدون درد: راهی برای لبخندی زیبا و بدون ترس,3470,0,453,advanced-dental-implant,/services/advanced-dental-implant,pending-batch-3-or-4
/ایمپلنت-دندان,ایمپلنت دندان چیست و چرا بهترین گزینه است؟,2383,0,0,advanced-dental-implant,/services/advanced-dental-implant,pending-batch-3-or-4
/ایمپلنت-دندان-در-تعطیلات-عید-در-تبریز,ایمپلنت دندان در تعطیلات عید در تبریز؛ راهنمای کامل کاشت دندان در نوروز,3920,0,0,advanced-dental-implant,/services/advanced-dental-implant,pending-batch-3-or-4
/ایمپلنت-دندان-چیست,ایمپلنت دندان چیست و چگونه عمل می‌کند؟,4962,0,721,advanced-dental-implant,/services/advanced-dental-implant,pending-batch-3-or-4
/طول-عمر-ایمپلنت-دندان,طول عمر ایمپلنت دندان چقدر است؟ بررسی جامع عوامل مؤثر در ماندگاری و دوام ایمپلنت در تهران,6184,0,144,advanced-dental-implant,/services/advanced-dental-implant,pending-batch-3-or-4
/جراحی-بازسازی-نواقص-صورت-بازگرداندن,جراحی بازسازی نواقص صورت: بازگرداندن زیبایی، عملکرد و اعتماد به نفس,5735,0,0,uncategorized,/knowledge/ناقرینگیهای-ناشی-از-تروما-به-صورت-عل,batch-2-implemented
/installment-dental-implant,ایمپلنت اقساطی؛ راه‌حل منطقی برای بیمارانی که نگران هزینه هستند,9177,0,0,advanced-dental-implant,/services/advanced-dental-implant,pending-batch-3-or-4
/best-dental-implant-specialist,چطور بهترین متخصص ایمپلنت را انتخاب کنیم؟ راهنمای کامل بیمار از مشاوره تا جراحی,10038,0,0,advanced-dental-implant,/services/advanced-dental-implant,pending-batch-3-or-4
/implant-cost-tabriz,مشاوره هزینه ایمپلنت دندان در تبریز توسط دکتر علیرضا صدیقی در کلینیک تخصصی,11213,0,0,advanced-dental-implant,/services/advanced-dental-implant,pending-batch-3-or-4
