type,status,post_id,title,current_url,slug,post_date,modified_date,content_length,has_content,has_elementor_content,has_aparat,thumbnail_id,categories,tags,rank_math_title,rank_math_description,rank_math_robots,rank_math_focus_keyword,comments_count
post,publish,6252,انواع روش های افزایش حجم گونه,https://dralirezasadighi.com/elementor-6252/,elementor-6252,2023-03-25 00:12:36,2023-03-25 00:17:01,337,True,True,True,6256,پروتز گونه|تزریق چربی|جراحی زیبایی|ژل و بوتاکس,افزایش حجم گونه|انواع روش های افزایش حجم گونه|پروتز گونه|تزریق چربی,,,index,,0
post,publish,6263,ایمپلنت ساب پریوستئال دیجیتال,https://dralirezasadighi.com/ایمپلنت-ساب-پریوستئال-دیجیتال/,ایمپلنت-ساب-پریوستئال-دیجیتال,2023-03-28 18:12:30,2024-08-01 17:28:36,138,True,True,True,6264,ایمپلنت دیجیتال|دسته بندی نشده,ایمپلنت|ایمپلنت ساب پریوستئال|ایمپلنت ساب پریوستئال دیجیتال|دکتر علیرضا صدیقی,,,index,,0
post,publish,6420,توضیحاتی در مورد ایمپلنت دیجیتال,https://dralirezasadighi.com/توضیحاتی-در-مورد-ایمپلنت-دیجیتال/,توضیحاتی-در-مورد-ایمپلنت-دیجیتال,2023-04-04 21:34:28,2024-08-01 17:28:25,0,False,True,True,6422,ایمپلنت دیجیتال|دسته بندی نشده,ایمپلنت|توضیحاتی در مورد ایمپلنت دیجیتال,,,index,,2
post,publish,6427,جراحی فک به روش دیجیتال,https://dralirezasadighi.com/جراحی-فک-به-روش-دیجیتال/,جراحی-فک-به-روش-دیجیتال,2023-04-04 21:36:13,2024-08-01 17:36:42,0,False,True,True,6421,جراحی چانه|جراحی فک,جراحی فک|جراحی فک به روش دیجیتال,,,index,,0
post,publish,6433,انواع روش های جراحی چانه,https://dralirezasadighi.com/انواع-روش-های-جراحی-چانه/,انواع-روش-های-جراحی-چانه,2023-04-07 15:40:32,2023-04-07 15:41:22,235,True,True,True,6434,جراحی چانه|جراحی فک,,,,index,,0
post,draft,6511,نحوه استراحت بعد از جراحی پلک,https://dralirezasadighi.com/?p=6511,,2023-04-27 14:14:35,2023-04-27 14:15:50,539,True,False,False,,دسته بندی نشده,,,,index,,0
post,publish,6518,استفاده از تکنولوژی دیجیتال در جراحی فک,https://dralirezasadighi.com/استفاده-از-تکنولوژی-دیجیتال-در-جراحی-ف/,استفاده-از-تکنولوژی-دیجیتال-در-جراحی-ف,2023-04-27 14:37:43,2024-08-01 17:36:45,0,False,True,True,6519,جراحی فک,استفاده از تکنولوژی دیجیتال در جراحی فک|تکنولوژی دیجیتال جراحی فک|جراحی فک,,,index,,0
post,publish,6544,رینوپلاستی بینی گوشتی,https://dralirezasadighi.com/رینوپلاستی-بینی-گوشتی/,رینوپلاستی-بینی-گوشتی,2023-05-05 22:58:31,2023-05-05 23:32:10,0,False,True,True,6545,جراحی زیبایی|جراحی زیبایی بینی,بینی فانتزی|بینی گوشتی|رینوپلاستی بینی گوشتی|زیبایی بینی,,,index,,0
post,publish,7168,بلفاروپلاستی,https://dralirezasadighi.com/بلفاروپلاستی/,بلفاروپلاستی,2023-12-21 20:26:27,2023-12-21 20:29:22,9137,True,False,False,7093,خدمات,,,,index,,0
post,publish,7555,رینوپلاستی چیست؟,https://dralirezasadighi.com/رینوپلاستی-چیست؟/,رینوپلاستی-چیست؟,2023-12-23 16:14:46,2023-12-23 16:26:24,3093,True,False,False,7565,مقالات,,,,index,,0
post,publish,7571,آشنایی با انواع عمل جراحی زیبایی صورت,https://dralirezasadighi.com/آشنایی-با-انواع-عمل-جراحی-زیبایی-صورت/,آشنایی-با-انواع-عمل-جراحی-زیبایی-صورت,2023-12-23 16:28:34,2024-04-15 10:11:01,6897,True,False,False,7572,مقالات,,,,index,,0
post,publish,7575,شکاف لب و کام چیست؟,https://dralirezasadighi.com/شکاف-لب-و-کام-چیست؟/,شکاف-لب-و-کام-چیست؟,2023-12-23 16:32:46,2023-12-23 16:34:55,3259,True,False,False,7577,مقالات,,,,index,,0
post,publish,7833,مراقبت های قبل و بعد از جراحی بینی,https://dralirezasadighi.com/مراقبت-بینی/,مراقبت-بینی,2024-03-18 08:36:05,2024-03-18 09:19:08,1028,True,False,False,,دسته بندی نشده,,,,index,,0
post,publish,7847,نگاهی به انواع جراحی دندان و آشنایی با مراقبت های بعد از آن,https://dralirezasadighi.com/نگاهی-به-انواع-جراحی-دندان-و-آشنایی-با-م/,نگاهی-به-انواع-جراحی-دندان-و-آشنایی-با-م,2024-04-03 00:11:09,2024-04-04 01:53:27,7716,True,True,False,,دسته بندی نشده,,,,index,,0
post,publish,7909,مراقبت های جراحی ایمپلنت,https://dralirezasadighi.com/مراقبت-های-جراحی-ایمپلنت/,مراقبت-های-جراحی-ایمپلنت,2024-04-03 23:52:33,2024-08-29 17:48:11,4968,True,True,False,,دسته بندی نشده,ایمپلنت|مراقبت های جراحی ایمپلنت,,,index,,0
post,publish,7929,ارتودنسی دندان + همه چیز درباره آن,https://dralirezasadighi.com/elementor-7929/,elementor-7929,2024-04-04 00:47:19,2024-04-04 00:54:24,7078,True,True,False,,دسته بندی نشده,,,,index,,0
post,publish,7931,مراقبت جراحی رینوپلاستی (بینی),https://dralirezasadighi.com/مراقبت-جراحی-بینی/,مراقبت-جراحی-بینی,2024-04-04 00:55:59,2024-08-28 21:33:49,2848,True,True,False,8207,دسته بندی نشده,,,,index,,0
post,publish,7950,مراقبت جراحی بلفاروپلاستی (ابرو),https://dralirezasadighi.com/مراقبت-جراحی-بلفاروپلاستی-ابرو/,مراقبت-جراحی-بلفاروپلاستی-ابرو,2024-04-04 01:18:15,2024-04-04 01:21:25,2663,True,True,False,,دسته بندی نشده,,,,index,,0
post,publish,7957,مراقبت جراحی فک,https://dralirezasadighi.com/مراقبت-جراحی-فک/,مراقبت-جراحی-فک,2024-04-04 01:24:25,2024-08-29 17:53:00,4918,True,True,False,8193,دسته بندی نشده,جراحی فک,,,index,,0
post,publish,7958,بلیچینگ دندان؛ راهی برای داشتن لبخندی درخشان‌تر,https://dralirezasadighi.com/بلیچینگ-دندان؛-راهی-برای-داشتن-لبخندی/,بلیچینگ-دندان؛-راهی-برای-داشتن-لبخندی,2024-04-04 01:32:24,2024-04-04 01:32:53,9322,True,True,False,,دسته بندی نشده,,,,index,,0
post,publish,7965,پل دندان یا بریج دندان چیست؟,https://dralirezasadighi.com/پل-دندان-یا-بریج-دندان-چیست؟/,پل-دندان-یا-بریج-دندان-چیست؟,2024-04-04 01:35:55,2024-04-04 01:39:03,8760,True,True,False,,دسته بندی نشده,,,,index,,0
post,publish,7984,درمان ریشه و عصب کشی چه تفاوتی دارند؟,https://dralirezasadighi.com/درمان-ریشه-و-عصب-کشی-چه-تفاوتی-دارند؟/,درمان-ریشه-و-عصب-کشی-چه-تفاوتی-دارند؟,2024-04-04 01:54:00,2024-04-04 01:57:56,6666,True,True,False,,دسته بندی نشده,,,,index,,0
post,publish,7991,کامپوزیت دندان؛ آشنایی با انواع، مزایا و هزینه کامپوزیت دندان,https://dralirezasadighi.com/کامپوزیت-دندان؛-آشنایی-با-انواع،-مزای/,کامپوزیت-دندان؛-آشنایی-با-انواع،-مزای,2024-04-04 01:58:39,2024-04-04 02:02:58,6487,True,True,False,,دسته بندی نشده,,,,index,,0
post,publish,7992,لمینت دندان؛ راهکاری نوین در ترمیم، و زیبایی دندان‌ها,https://dralirezasadighi.com/لمینت-دندان؛-راهکاری-نوین-در-ترمیم،-و-ز/,لمینت-دندان؛-راهکاری-نوین-در-ترمیم،-و-ز,2024-04-04 02:04:15,2024-04-04 02:08:50,10815,True,True,False,,دسته بندی نشده,,,,index,,0
post,publish,8010,ماسک دندان چیست و چه کاربردی دارد؟,https://dralirezasadighi.com/ماسک-دندان-چیست-و-چه-کاربردی-دارد؟/,ماسک-دندان-چیست-و-چه-کاربردی-دارد؟,2024-04-04 02:11:39,2024-04-04 02:14:59,7313,True,True,False,,دسته بندی نشده,,,,index,,0
post,publish,8017,همه آنچه باید در مورد ایمپلنت دندان بدانید!,https://dralirezasadighi.com/همه-آنچه-باید-در-مورد-ایمپلنت-دندان-بدا/,همه-آنچه-باید-در-مورد-ایمپلنت-دندان-بدا,2024-04-05 14:56:04,2024-08-01 18:48:44,8499,True,True,False,8771,blog|دسته بندی نشده,ایمپلنت|همه آنچه باید در مورد ایمپلنت دندان بدانید!,,,index,,0
post,publish,8157,جراحی فک و مواردی که باید بدانید,https://dralirezasadighi.com/جراحی-فک-و-مواردی-که-باید-بدانید/,جراحی-فک-و-مواردی-که-باید-بدانید,2024-04-12 12:36:11,2024-04-12 12:38:40,4176,True,False,False,8158,جراحی فک,توصیه در مورد جراحی فک|جراحی چانه|جراحی زیبایی فک|جراحی فک|جراحی فک بالا|فواید جراحی فک|قبل از جراحی فک|مراقبت های جراحی فک,,,index,,0
post,publish,8272,مراقبتهای قبل از عمل لیفت,https://dralirezasadighi.com/مراقبتهای-قبل-از-عمل-لیفت/,مراقبتهای-قبل-از-عمل-لیفت,2024-04-16 13:06:32,2026-06-02 17:03:36,1747,True,True,False,8192,مراقبت های بعد از عمل|مراقبتهای جراحی لیفت,جراحی لیفت ابرو|جراحی لیفت ابرو در تبریز|جراحی لیفت در تبریز|لیفت ابرو|لیفت ابرو و روش انجام آن|مراقبتهای بعد از عمل لیفت|مراقبتهای قبل از عمل لیفت,,,index,,0
post,publish,8283,مراقبت بعد از جراحی دندان عقل,https://dralirezasadighi.com/مراقبت-بعد-از-جراحی-دندان-عقل/,مراقبت-بعد-از-جراحی-دندان-عقل,2024-04-16 13:12:56,2024-08-01 17:12:48,1330,True,True,False,8220,مراقبت بعد از جراحی دندان عقل,جراحی دندان عقل|جراحی دندان عقل تبریز|دندان عقل|مراقبت بعد از جراحی دندان عقل,,,index,,0
post,publish,8311,جراحی دیجیتال فک,https://dralirezasadighi.com/جراحی-دیجیتال-فک/,جراحی-دیجیتال-فک,2024-04-19 14:12:30,2024-08-01 17:37:28,2474,True,False,False,8306,جراحی دیجیتال فک|جراحی فک,جراح جراحی دیجیتال فک|جراحی دیجیتال فک|جراحی دیجیتال فک تبریز|جراحی فک|چرا جراحی دیجیتال فک|روش جراحی دیجیتال فک,,,index,,0
post,publish,8320,سینوس لیفت چیست؟,https://dralirezasadighi.com/سینوس-لیفت-چیست؟/,سینوس-لیفت-چیست؟,2024-04-20 10:15:51,2024-04-23 02:41:22,5489,True,False,False,,جراحی فک,انجام سینوس لیفت|جراحی سینوس لیفت|سینوس لیفت تبریز|سینوس لیفت چیست,,,index,,0
post,publish,8331,CAS چیست و کاربرد های آن,https://dralirezasadighi.com/cas-چیست-و-کاربرد-های-آن/,cas-چیست-و-کاربرد-های-آن,2024-04-23 02:43:54,2024-04-23 02:43:54,1906,True,False,False,,جراحی فک,CAS چیست|CAS چیست و کاربرد های آن|سی تی اسکن|کاربرد های CAS,,,index,,0
post,publish,8333,همه چیز در مورد رینوپلاستی,https://dralirezasadighi.com/همه-چیز-در-مورد-رینوپلاستی/,همه-چیز-در-مورد-رینوپلاستی,2024-04-24 10:00:32,2024-04-23 02:46:02,1503,True,False,False,,جراحی زیبایی|جراحی زیبایی بینی,بهبود رینوپلاستی|رینوپلاستی تبریز|نتایج رینو|نتایج همه چیز در مورد رینوپلاستی|همه چیز در مورد رینوپلاستی,,,index,,0
post,publish,8335,همه چیز در مورد دندان عقل,https://dralirezasadighi.com/همه-چیز-در-مورد-دندان-عقل/,همه-چیز-در-مورد-دندان-عقل,2024-04-25 10:00:15,2024-08-01 17:20:01,2355,True,False,False,8732,جراحی دندان|جراحی دندان عقل,دندان عقل|دندان عقل چیست|همه چیز در مورد دندان عقل,,,index,,0
post,publish,8337,ایمپلنت یک روزه,https://dralirezasadighi.com/ایمپلنت-یک-روزه/,ایمپلنت-یک-روزه,2024-04-22 10:48:36,2024-04-23 02:50:45,1946,True,False,False,8338,دسته بندی نشده,ایمپلنت یک روزه|ایمپلنت یک روزه چیست,,,index,,0
post,publish,8340,دندان قروچه,https://dralirezasadighi.com/دندان-قروچه/,دندان-قروچه,2024-04-21 10:51:17,2024-04-23 02:52:35,7086,True,False,False,,جراحی دندان,درمان دندان قروچه|دندان قروچه|دندان قروچه چیست|کشیدن دندان قروچه,,,index,,0
post,publish,8359,پیوند استخوان برای ایمپلنت‌های دندانی: چرا و چه زمانی به این جراحی نیاز داریم؟,https://dralirezasadighi.com/پیوند-استخوان-برای-ایمپلنتهای-دندان/,پیوند-استخوان-برای-ایمپلنتهای-دندان,2024-07-09 12:33:41,2024-08-01 17:27:41,3413,True,False,False,8364,جراحی پیوند استخوان|دسته بندی نشده,ایمپلنت|ایمپلنت دندان|ایمپلنت‌های دندانی|پیوند استخوان برای ایمپلنت‌های دندانی: چرا و چه زمانی به این جراحی نیاز داریم؟|جراحی ایمپلنت|جراحی پیوند استخوان|چرا به پیوند استخوان نیاز داریم؟|چرا یمپلنت دندان انجام میدیم|چه زمانی به پیوند استخوان نیاز داریم؟|فرآیند پیوند استخوان چگونه است؟|مراقبت‌های بعد از جراحی پیوند استخوان|یوند استخوان,,,index,,0
post,publish,8365,جراحی سینوس لیفت چیست؟,https://dralirezasadighi.com/جراحی-سینوس-لیفت-چیست؟/,جراحی-سینوس-لیفت-چیست؟,2024-07-10 10:00:46,2024-07-10 12:09:45,4499,True,False,False,8378,سینوس لیفت,آیا جراحی سینوس لیفت دردناک است؟|جراحی سینوس لیفت چگونه انجام می‌شود؟|جراحی سینوس لیفت چیست؟|چرا جراحی سینوس لیفت انجام می‌شود؟|چه افرادی نیاز به جراحی سینوس لیفت دارند؟|چه نوع بیهوشی در جراحی سینوس لیفت استفاده می‌شود؟|چه نوع مراقبت‌هایی بعد از جراحی سینوس لیفت لازم است؟|عوارض جانبی و خطرات جراحی سینوس لیفت چیست؟|فرآیند آماده‌سازی برای جراحی سینوس لیفت چگونه است؟|مدت زمان بهبودی پس از جراحی سینوس لیفت چقدر است؟|مدت زمان جراحی سینوس لیفت چقدر است؟,,,index,,0
post,publish,8381,25 سوال متداول در مورد جراحی لیفت صورت,https://dralirezasadighi.com/25-سوال-متداول-در-مورد-جراحی-لیفت-صورت-که/,25-سوال-متداول-در-مورد-جراحی-لیفت-صورت-که,2024-07-11 12:30:37,2024-07-15 20:58:07,4766,True,False,False,8478,سوالات متداول,25 سوال متداول در مورد جراحی لیفت صورت|25 سوال متداول در مورد جراحی لیفت صورت که باید بدانید|جراحی لیفت صورت|عوارض جراحی لیفت صورت|لیفت صورت|مراحل لیفت صورت|مراقبت‌های پس از لیفت صورت|مزایای لیفت صورت|نتایج لیفت صورت|هزینه لیفت صورت,,,index,,0
post,publish,8392, 25 سوال متداول در مورد جراحی زیبایی بینی,https://dralirezasadighi.com/25-سوال-متداول-در-مورد-جراحی-زیبایی-بین/,25-سوال-متداول-در-مورد-جراحی-زیبایی-بین,2024-07-12 12:53:16,2024-07-15 21:03:08,4800,True,False,False,8481,سوالات متداول,25 سوال متداول در مورد جراحی زیبایی بینی|جراحی زیبایی بینی|رینوپلاستی|عوارض جراحی بینی|مراحل جراحی بینی|مراقبت‌های پس از جراحی بینی|مزایای جراحی بینی|نتایج جراحی بینی|هزینه جراحی بینی,,,index,,0
post,publish,8396,مراقبت‌های قبل و بعد از جراحی سینوس لیفت,https://dralirezasadighi.com/مراقبتهای-قبل-و-بعد-از-جراحی-سینوس-لی/,مراقبتهای-قبل-و-بعد-از-جراحی-سینوس-لی,2024-07-13 13:23:33,2024-07-13 14:09:18,2573,True,False,False,8397,دسته بندی نشده|سینوس لیفت,مراقبت‌های قبل از جراحی سینوس لیفت|مراقبت‌های قبل و بعد از جراحی سینوس لیفت|مراقبت‌هایبعد از جراحی سینوس لیفت,,,index,,0
post,publish,8399,جراحی فک چیست و چرا انجام می‌شود؟,https://dralirezasadighi.com/جراحی-فک-چیست-و-چرا-انجام-میشود؟/,جراحی-فک-چیست-و-چرا-انجام-میشود؟,2024-07-14 13:50:16,2024-08-01 17:36:57,3778,True,False,False,8483,دسته بندی نشده,جراحی فک|جراحی فک چیست و چرا انجام می‌شود؟|چرا جراحی فک باید انجام بدیم|در چه مواردی جراحی فک انجام میدیم|فواید جراحی فک|مشکلات جراحی فک|هزینه جراحی فک,,,index,,0
post,publish,8409,26 سوال متداول در مورد جراحی چانه و زاویه‌سازی فک,https://dralirezasadighi.com/25-سوال-متداول-در-مورد-جراحی-چانه-و-زاویه/,25-سوال-متداول-در-مورد-جراحی-چانه-و-زاویه,2024-07-15 17:26:51,2024-08-01 17:37:23,4469,True,False,False,8460,سوالات متداول,26 سوال متداول در مورد جراحی چانه و زاویه‌سازی فک|جراحی چانه|جراحی فک|زاویه‌سازی فک|عوارض جراحی چانه|مراحل زاویه‌سازی فک|مراقبت‌های پس از جراحی چانه|مزایای جراحی فک|هزینه جراحی زاویه‌سازی فک,,,index,,0
post,publish,8415,25 سوال متداول در مورد جراحی دندان عقل نهفته,https://dralirezasadighi.com/25-سوال-متداول-در-مورد-جراحی-دندان-عقل-نه/,25-سوال-متداول-در-مورد-جراحی-دندان-عقل-نه,2024-07-15 17:43:43,2024-08-01 17:39:59,5387,True,False,False,8461,سوالات متداول,25 سوال متداول در مورد جراحی دندان عقل نهفته|بیماری‌های دندان عقل|جراحی دندان عقل نهفته|درد دندان عقل|دندان عقل|دندان نهفته|عفونت دندان عقل|عوارض جراحی دندان عقل|مراقبت‌های پس از جراحی دندان عقل|هزینه جراحی دندان عقل,,,index,,0
post,publish,8441,راهنمای جامع ایمپلنت دندان در تبریز,https://dralirezasadighi.com/راهنمای-جامع-ایمپلنت-دندان-در-تبریز/,راهنمای-جامع-ایمپلنت-دندان-در-تبریز,2024-07-16 21:20:06,2024-08-01 17:27:34,11590,True,False,False,8494,دسته بندی نشده,انواع ایمپلنت در تبریز|ایمپلنت|ایمپلنت بدون درد در تبریز|ایمپلنت دیجیتال در تبریز|ایمپلنت فوری در تبریز|بهترین جراح ایمپلنت تبریز|بهترین جراح ایمپلنت دندان|بهترین جراح ایمپلنت دندان تبریز|بهترین متخصص ایمپلنت در تبریز|جراح ایمپلنت بریز|جراح ایمپلنت دندان تبریز|چرا ایمپلنت دندان؟|قیمت ایمپلنت دندان در تبریز|کلینیک ایمپلنت در تبریز|کلینیک دندانپزشکی در تبریز|متخصص کاشت ایمپلنت در تبریز|مراحل ایمپلنت دندان در تبریز|مراقبت‌های پس از ایمپلنت در تبریز|هزینه ایمپلنت دندان در تبریز,,,index,,0
post,publish,8495,رضایت بیمار از جراحی بینی,https://dralirezasadighi.com/رضایت-بیمار-از-جراحی-بینی/,رضایت-بیمار-از-جراحی-بینی,2024-07-16 22:06:17,2024-07-16 22:13:36,85,True,True,False,8501,رضایت بیماران,رضایت بیمار از جراحی بینی,,,index,,0
post,publish,8510,رضایت بیمار از جراحی فک,https://dralirezasadighi.com/رضایت-بیمار-از-جراحی-فک/,رضایت-بیمار-از-جراحی-فک,2024-07-16 22:14:36,2024-08-01 17:36:17,85,True,True,False,8500,رضایت بیماران,جراحی فک|رضایت بیمار از جراحی فک,,,index,,0
post,publish,8519,رضایت بیمار از جراحی فک بالا و پایین,https://dralirezasadighi.com/رضایت-بیمار-از-جراحی-فک-بالا-و-پایین/,رضایت-بیمار-از-جراحی-فک-بالا-و-پایین,2024-07-16 22:16:34,2024-08-01 17:36:11,77,True,True,False,8498,رضایت بیماران,جراحی فک|رضایت بیمار از جراحی فک بالا و پایین,,,index,,0
post,publish,8520,رضایت بیمار پس از جراحی بلفاروپلاستی,https://dralirezasadighi.com/رضایت-بیمار-پس-از-جراحی-بلفاروپلاستی/,رضایت-بیمار-پس-از-جراحی-بلفاروپلاستی,2024-07-16 22:18:27,2024-07-16 22:19:12,87,True,True,False,8499,رضایت بیماران,رضایت بیمار پس از جراحی بلفاروپلاستی,,,index,,0
post,publish,8558,ایمپلنت اشترومن در تبریز,https://dralirezasadighi.com/ایمپلنت-اشترومن-در-تبریز/,ایمپلنت-اشترومن-در-تبریز,2024-07-22 01:23:00,2024-08-01 17:27:25,6023,True,False,False,8559,دسته بندی نشده,ایمپلنت|ایمپلنت اشترومن در تبریز|عوامل موثر بر هزینه ایمپلنت دندان|قیمت ایمپلنت اشترومن|کلینیک ایمپلنت اشترومن تبریز|متخصص ایمپلنت اشترومن تبریز|مراحل نصب ایمپلنت اشترومن|مزایای ایمپلنت اشترومن|ویژگی‌های کلینیک‌های معتبر ایمپلنت,,,index,,0
post,publish,8561,بهترین جراح فک در تبریز - راهنمای کامل انتخاب و نکات مهم,https://dralirezasadighi.com/بهترین-جراح-فک-در-تبریز-راهنمای-کامل-ا/,بهترین-جراح-فک-در-تبریز-راهنمای-کامل-ا,2024-07-22 01:29:50,2024-08-26 12:14:50,6359,True,False,False,8562,جراحی فک,افزایش ایمنی بیمار|برترین جراح فک تبریز|برنامه‌ریزی دیجیتال جراحی|بهبود نتایج زیبایی و عملکردی|بهترین جراح فک در تبریز - راهنمای کامل انتخاب و نکات مهم|تصویربرداری سه‌بعدی|جراح فک بریز|جراحی فک|جراحی فک (ارتوگناتیک)|چرا انتخاب بهترین جراح فک اهمیت دارد؟|چگونه بهترین جراح فک در تبریز را پیدا کنیم؟|راهنمایی جراحی با رایانه|شبیه‌سازی نتایج جراحی|کاهش خطرات جراحی|متخصص جراحی فک|متخصص جراحی فک تبریز|مدل‌سازی دیجیتال|ویژگی‌های بهترین جراح فک در تبریز,,,index,,0
post,publish,8564,جراحی بینی به سبک اروپایی : زیبایی و تقارن در اوج هنر پزشکی,https://dralirezasadighi.com/جراحی-بینی-به-سبک-اروپایی-زیبایی-و-تقا/,جراحی-بینی-به-سبک-اروپایی-زیبایی-و-تقا,2024-07-22 01:34:07,2024-07-31 13:46:09,5588,True,False,False,8692,جراحی زیبایی|جراحی زیبایی بینی,جراحی بینی به سبک اروپایی : زیبایی و تقارن در اوج هنر پزشکی|جراحی بینی به سبک اروپایی چیست؟|فرآیند جراحی بینی به سبک اروپایی|مراقبت‌های پس از جراحی بینی به سبک اروپایی|مزایای جراحی بینی به سبک اروپایی|ویژگی‌های شکل بینی اروپایی,,,index,,0
post,publish,8566,انواع تزریق چربی: میکروفت، نانوفت و سایرین,https://dralirezasadighi.com/انواع-تزریق-چربی-میکروفت،-نانوفت-و-سای/,انواع-تزریق-چربی-میکروفت،-نانوفت-و-سای,2024-07-22 12:13:12,2024-07-22 12:13:12,4046,True,False,False,8567,تزریق چربی|جراحی زیبایی,انواع تزریق چربی|انواع تزریق چربی: میکروفت، نانوفت و سایرین|تزریق چربی سایرین|تزریق چربی میکروفت|تزریق چربی نانوفت|میکروفت، نانوفت و سایرین,,,index,,0
post,publish,8569,لیپوساکشن و تزریق چربی - روش‌های نوین جوانسازی صورت برای زیبایی و طراوت بیشتر,https://dralirezasadighi.com/لیپوساکشن-و-تزریق-چربی-روشهای-نوین-ج/,لیپوساکشن-و-تزریق-چربی-روشهای-نوین-ج,2024-07-22 12:23:15,2024-07-22 12:23:15,4681,True,False,False,8570,تزریق چربی|جراحی زیبایی,لیپوساکشن و تزریق چربی - روش‌های نوین جوانسازی صورت برای زیبایی و طراوت بیشتر|مزایای تزریق چربی|معایب تزریق چربی|مقایسه لیپوساکشن و تزریق چربی|نکات مهم پس از عمل تزریق چربی,,,index,,0
post,publish,8572,بوتاکس برای جوانسازی پیشانی و دور چشم: راز زیبایی بی‌نقص,https://dralirezasadighi.com/بوتاکس-برای-جوانسازی-پیشانی-و-دور-چشم-ر/,بوتاکس-برای-جوانسازی-پیشانی-و-دور-چشم-ر,2024-07-22 12:40:43,2024-07-22 12:41:57,2078,True,False,False,8574,دسته بندی نشده,بروکسیسم|بوتاکس|تزریق بوتاکس|چروک‌های پیشانی|چروک‌های دور چشم|درمان غیرتهاجمی|دندان قروچه|روش غیرتهاجمی|کاهش درد و فشار|نتیجه‌گیری,,,index,,0
post,publish,8573,تزریق بوتاکس برای از بین بردن دندان قروچه راهکاری نوین و مؤثر,https://dralirezasadighi.com/تزریق-بوتاکس-برای-از-بین-بردن-دندان-قرو/,تزریق-بوتاکس-برای-از-بین-بردن-دندان-قرو,2024-07-22 12:43:35,2024-07-22 12:43:35,1889,True,False,False,8576,جراحی زیبایی|ژل و بوتاکس,بوتاکس چیست؟|تزریق بوتاکس برای از بین بردن دندان قروچه راهکاری نوین و مؤثر|چگونه بوتاکس به درمان دندان قروچه کمک می‌کند؟|مزایای تزریق بوتاکس برای درمان دندان قروچه|معایب و محدودیت‌های تزریق بوتاکس,,,index,,0
post,publish,8581,25 سوال متداول در مورد جراحی چانه و زاویه‌سازی فک,https://dralirezasadighi.com/25-سوال-متداول-در-مورد-جراحی-چانه-و-زاویه-2/,25-سوال-متداول-در-مورد-جراحی-چانه-و-زاویه-2,2024-07-20 12:54:46,2024-10-28 16:58:05,4773,True,True,False,8582,سوالات متداول,25 سوال متداول در مورد جراحی چانه و زاویه‌سازی فک|جراحی چانه|جراحی فک|زاویه‌سازی فک|عوارض جراحی چانه|مراحل زاویه‌سازی فک|مراقبت‌های پس از جراحی چانه|مزایای جراحی فک|هزینه جراحی زاویه‌سازی فک,,,index,,0
post,publish,8584,25 سوال متداول در مورد تزریق فیلر به ناحیه صورت,https://dralirezasadighi.com/25-سوال-متداول-در-مورد-تزریق-فیلر-به-ناحی/,25-سوال-متداول-در-مورد-تزریق-فیلر-به-ناحی,2024-07-19 13:00:55,2024-07-22 13:01:56,4225,True,False,False,8585,سوالات متداول,تزریق فیلر|حجم‌دهی صورت|رفع چین و چروک|عوارض فیلر|فیلر صورت|مراقبت‌های پس از تزریق فیلر|مزایای فیلر صورت|هزینه تزریق فیلر,,,index,,0
post,publish,8591,25 سوال متداول در مورد تزریق بوتاکس برای جوانسازی پیشانی، دور چشم و درمان دندان قروچه,https://dralirezasadighi.com/25-سوال-متداول-در-مورد-تزریق-بوتاکس-برای/,25-سوال-متداول-در-مورد-تزریق-بوتاکس-برای,2024-07-18 13:04:49,2024-07-22 13:08:05,4585,True,False,False,8592,سوالات متداول,25 سوال متداول در مورد تزریق بوتاکس برای جوانسازی پیشانی، دور چشم و درمان دندان قروچه|تزریق بوتاکس|جوانسازی پیشانی|درمان دندان قروچه|رفع چین و چروک دور چشم|عوارض بوتاکس|مراقبت‌های پس از تزریق بوتاکس|مزایای بوتاکس|هزینه تزریق بوتاکس,,,index,,0
post,publish,8594,25 سوال متداول در مورد جراحی لیفت ابرو و شقیقه,https://dralirezasadighi.com/25-سوال-متداول-در-مورد-جراحی-لیفت-ابرو-و-ش/,25-سوال-متداول-در-مورد-جراحی-لیفت-ابرو-و-ش,2024-07-17 13:09:38,2024-07-22 13:12:12,4617,True,False,False,8595,سوالات متداول,25 سوال متداول در مورد جراحی لیفت ابرو و شقیقه|تفاوت لیفت ابرو و شقیقه|جراحی لیفت ابرو|جراحی لیفت شقیقه|عوارض لیفت ابرو و شقیقه|مراحل لیفت ابرو و شقیقه|مراقبت‌های پس از لیفت ابرو و شقیقه|مزایای لیفت ابرو و شقیقه|هزینه لیفت ابرو و شقیقه,,,index,,0
post,publish,8597,25 سوال متداول در مورد جراحی تزریق چربی,https://dralirezasadighi.com/25-سوال-متداول-در-مورد-جراحی-تزریق-چربی/,25-سوال-متداول-در-مورد-جراحی-تزریق-چربی,2024-07-24 13:17:40,2024-08-08 14:29:56,4902,True,False,False,8598,سوالات متداول,25 سوال متداول در مورد جراحی تزریق چربی|تزریق چربی به صورت|عوارض تزریق چربی|مراحل تزریق چربی|مراقبت‌های پس از تزریق چربی|مزایای تزریق چربی|نتایج تزریق چربی|هزینه تزریق چربی به صورت,,,index,,0
post,publish,8713,بهترین متخصص ایمپلنت تبریز و معرفی دکتر علیرضا صدیقی,https://dralirezasadighi.com/بهترین-متخصص-ایمپلنت-تبریز-و-معرفی-دکت/,بهترین-متخصص-ایمپلنت-تبریز-و-معرفی-دکت,2024-07-31 13:20:02,2024-08-01 17:27:18,3106,True,False,False,8352,blog|دسته بندی نشده,ایمپلنت|ایمپلنت تبریز دکتر علیرضا صدیقی|بهترین ایمپلنت تبریز|بهترین جراح ایمپلنت تبریز|بهترین دکتر ایمپلنت تبریز|بهترین متخصص ایمپلنت تبریز|بهترین متخصص ایمپلنت تبریز و معرفی دکتر علیرضا صدیقی|جراح ایمپلنت تبریز|دکتر ایمپلنت تبریز|متخصص ایمپلنت تبریز,,,index,,0
post,publish,8716,دلایل و مزایا اهمیت انجام ارتودنسی قبل از جراحی فک,https://dralirezasadighi.com/دلایل-و-مزایا-اهمیت-انجام-ارتودنسی-قبل/,دلایل-و-مزایا-اهمیت-انجام-ارتودنسی-قبل,2024-07-31 13:27:15,2024-08-01 17:36:06,3700,True,False,False,8718,blog|جراحی فک,جراحی فک|چرا باید به دکتر علیرضا صدیقی مراجعه کرد؟|خدمات دکتر علیرضا صدیقی|دکتر علیرضا صدیقی: بهترین جراح فک در تهران و تبریز|دلایل و مزایا اهمیت انجام ارتودنسی|دلایل و مزایا اهمیت انجام ارتودنسی قبل از جراحی فک|کلینیک‌های تخصصی در تهران و تبریز|مزایای انجام ارتودنسی قبل از جراحی فک|هزینه و مزایای ارتودنسی و جراحی فک,,,index,,0
post,publish,8768,جراحی دندان عقل در تهران و تبریز: چرا انتخاب کلینیک دکتر علیرضا صدیقی بهترین گزینه است؟,https://dralirezasadighi.com/جراحی-دندان-عقل-در-تهران-و-تبریز-چرا-ان/,جراحی-دندان-عقل-در-تهران-و-تبریز-چرا-ان,2024-08-01 17:50:30,2024-09-12 10:35:05,5337,True,False,False,13724,blog|جراحی دندان|جراحی دندان عقل,جراحی دندان عقل|جراحی دندان عقل در تهران و تبریز: چرا انتخاب کلینیک دکتر علیرضا صدیقی بهترین گزینه است؟|جراحی‌های پیشرفته ایمپلنت|چرا جراحی دندان عقل لازم است؟|دندان عقل|فرآیند جراحی دندان عقل|کلینیک دندانپزشکی دکتر علیرضا صدیقی|مراقبت‌های پس از جراحی دندان عقل|مزایای جراحی دندان عقل|هزینه جراحی دندان عقل,,,index,,0
post,publish,13413,25 frequently asked questions about fat injection surgery,https://dralirezasadighi.com/25-سوال-متداول-در-مورد-جراحی-تزریق-چربی/,25-سوال-متداول-در-مورد-جراحی-تزریق-چربی,2024-07-24 13:17:40,2024-08-08 14:27:37,5314,True,False,False,13246,سوالات متداول,25 سوال متداول در مورد جراحی تزریق چربی|تزریق چربی به صورت|عوارض تزریق چربی|مراحل تزریق چربی|مراقبت‌های پس از تزریق چربی|مزایای تزریق چربی|نتایج تزریق چربی|هزینه تزریق چربی به صورت,,,index,,0
post,publish,13421,راهنمای کامل درمان لبخند لثه‌ای: علل، روش‌های پیشگیری و راهکارهای درمان,https://dralirezasadighi.com/راهنمای-کامل-درمان-لبخند-لثهای-علل،/,راهنمای-کامل-درمان-لبخند-لثهای-علل،,2024-08-08 14:58:32,2024-08-10 13:44:21,5909,True,False,False,13549,blog|جراحی دندان,استفاده از کمپرس سرد|افزایش اعتماد به نفس|بوتاکس|جراحی فک|جراحی لثه|راهنمای کامل درمان لبخند لثه‌ای: علل، روش‌های پیشگیری و راهکارهای درمان|لبخند لثه‌ای چیست؟|مزایای درمان لبخند لثه‌ای,,,index,,0
post,publish,13425,"A Comprehensive Guide to Treating Gummy Smile: Causes, Prevention, and Treatment Options",https://dralirezasadighi.com/a-comprehensive-guide-to-treating-gummy-smile-causes-prevention-and-treatment-options/,a-comprehensive-guide-to-treating-gummy-smile-causes-prevention-and-treatment-options,2024-08-08 14:58:32,2024-08-10 13:28:19,6631,True,False,False,13550,blog|جراحی زیبایی دندان,A Comprehensive Guide to Treating Gummy Smile: Causes|and Treatment Options|Botox|Conclusion|Gum Surgery|Jaw Surgery|Laser Therapy|Orthodontics|Prevention,,,index,,0
post,publish,13527,Why Choose Dr. Alireza Sedighi for Jaw Surgery: A Top Choice for Precision and Excellence,https://dralirezasadighi.com/why-choose-dr-alireza-sedighi-for-jaw-surgery-a-top-choice-for-precision-and-excellence/,why-choose-dr-alireza-sedighi-for-jaw-surgery-a-top-choice-for-precision-and-excellence,2024-08-10 10:11:10,2024-08-26 12:53:35,20661,True,False,False,8562,,Cutting-Edge Technology|Outstanding Patient Outcomes|Personalized Patient Care|Testimonials from Satisfied Patients|Why Choose Dr. Alireza Sedighi for Jaw Surgery: A Top Choice for Precision and Excellence,,,index,,0
post,publish,13531,فیزیوتراپی بعد از جراحی فک: راهنمای کامل برای بهبود حرکت و کاهش خشکی مفصل,https://dralirezasadighi.com/فیزیوتراپی-بعد-از-جراحی-فک-راهنمای-کام/,فیزیوتراپی-بعد-از-جراحی-فک-راهنمای-کام,2024-08-10 10:16:17,2026-06-07 17:14:10,9630,True,True,False,13532,blog|جراحی فک,تمرین جلو آوردن و عقب بردن فک|تمرین ماساژ عضلات فک|چرا فیزیوتراپی بعد از جراحی فک ضروری است؟|فیزیوتراپی بعد از جراحی فک: راهنمای کامل برای بهبودی سریع‌تر با تمرینات موثر|مدت زمان فیزیوتراپی فک|نحوه فیزیوتراپی فک: تمرینات و توصیه‌ها,فیزیوتراپی بعد از جراحی فک | راهنمای علمی فیزیوتراپی فک بعد از ارتوگناتیک,فیزیوتراپی فک بعد از جراحی ارتوگناتیک چه نقشی در کاهش خشکی، درد و محدودیت حرکت دارد؟ در این راهنمای علمی، درباره اصول کلی فیزیوتراپی بعد از جراحی فک، مدت زمان، اهداف و نکات مهم که باید با جراح خود هماهنگ کنید، توضیح داده شده است.,index,"فیزیوتراپی فک,فیزیوتراپی بعد از جراحی فک",0
post,publish,13536,Post-Surgery Jaw Physiotherapy: A Comprehensive Guide for Faster Recovery with Effective Exercises,https://dralirezasadighi.com/post-surgery-jaw-physiotherapy-a-comprehensive-guide-for-faster-recovery-with-effective-exercises/,post-surgery-jaw-physiotherapy-a-comprehensive-guide-for-faster-recovery-with-effective-exercises,2024-08-10 10:16:17,2024-08-10 10:23:07,4199,True,False,False,13532,blog|جراحی فک,Duration of Jaw Physiotherapy|Goals of Physiotherapy After Jaw Surgery|How to Perform Jaw Physiotherapy: Exercises and Recommendations|Jaw physiotherapy method: exercises and recommendations|Key Tips for Successful Physiotherapy After Jaw Surgery|فیزیوتراپی بعد از جراحی فک: راهنمای کامل برای بهبودی سریع‌تر با تمرینات موثر,,,index,,0
post,publish,13646,چرا دکتر علیرضا صدیقی را برای جراحی فک انتخاب کنیم: انتخابی برتر برای دقت و برتری,https://dralirezasadighi.com/چرا-دکتر-علیرضا-صدیقی-را-برای-جراحی-فک-ا/,چرا-دکتر-علیرضا-صدیقی-را-برای-جراحی-فک-ا,2024-08-10 10:11:10,2024-08-26 12:52:02,18323,True,False,False,8562,blog|جراحی فک,Cutting-Edge Technology|Outstanding Patient Outcomes|Personalized Patient Care|Testimonials from Satisfied Patients|Why Choose Dr. Alireza Sedighi for Jaw Surgery: A Top Choice for Precision and Excellence|پیشرفت‌های اخیر در جراحی فک|تجربه جراحی فک دکتر علیرضا صدیقی|تکنولوژی دیجیتال در جراحی فک|جراحی فک با جدیدترین فناوری‌ها|جراحی فک با دکتر علیرضا صدیقی|جراحی فک دقیق و مطمئن|چرا دکتر علیرضا صدیقی را برای جراحی فک انتخاب کنیم: انتخابی برتر برای دقت و برتری|خدمات تخصصی جراحی فک|خدمات جراحی فک دکتر صدیقی|دقت در جراحی فک با دکتر صدیقی|دکتر صدیقی، جراح پیشرو در جراحی فک|دکتر علیرضا صدیقی جراحی فک تخصصی|دکتر علیرضا صدیقی در جراحی فک برترین جراح فک در ایران|راهنمای انتخاب جراح فک|فناوری پیشرفته جراحی فک|مراقبت‌های پس از جراحی فک دکتر صدیقی|مزایای استفاده از فناوری دیجیتال در جراحی فک|مزایای جراحی فک با دکتر صدیقی|نتایج موفق جراحی فک دکتر صدیقی|نظرات بیماران دکتر علیرضا صدیقی,,,index,,0
post,publish,13690,اموزش دوره ها تخصصی ایمپلنت,https://dralirezasadighi.com/اموزش-دوره-ها-تخصصی-ایمپلنت/,اموزش-دوره-ها-تخصصی-ایمپلنت,2024-08-31 18:21:54,2024-08-31 18:21:54,103,True,False,False,13695,blog|ایمپلنت,اموزش دوره ها تخصصی ایمپلنت,,,index,,0
post,publish,13703,جراحی ناقرینگی‌های صورت: رویکردها و مزایا,https://dralirezasadighi.com/جراحی-ناقرینگیهای-صورت-رویکردها-و-م/,جراحی-ناقرینگیهای-صورت-رویکردها-و-م,2024-09-11 13:14:28,2024-09-12 10:32:54,3244,True,False,False,13719,blog|مقالات,اصلاح ناقرینگی صورت|تزریق چربی|جراحی پلاستیک صورت|جراحی زیبایی|جراحی فک و چانه|جراحی ناقرینگی‌های صورت: رویکردها و مزایا|رینوپلاستی|لیفت صورت|ناقرینگی‌های صورت,,,index,,0
post,publish,13705,بیماری کندیلار هایپرپلاژیا: علل، تشخیص و درمان,https://dralirezasadighi.com/بیماری-کندیلار-هایپرپلاژیا-علل،-تشخی/,بیماری-کندیلار-هایپرپلاژیا-علل،-تشخی,2024-09-14 13:14:49,2024-10-02 12:13:27,3190,True,False,False,,blog|مقالات,اختلالات فکی|بیماری کندیلار هایپرپلاژیا: علل، تشخیص و درمان|تشخیص کندیلار هایپرپلاژیا|جراحی ارتوگناتیک|جراحی کندیلکتومی|درمان کندیلار هایپرپلاژیا|کندیلار هایپرپلاژیا|مشکلات فک و صورت|ناقرینگی صورت,,,index,,0
post,publish,13707,ناقرینگی‌های ناشی از تروما به صورت: علل، تشخیص و درمان,https://dralirezasadighi.com/ناقرینگیهای-ناشی-از-تروما-به-صورت-عل/,ناقرینگیهای-ناشی-از-تروما-به-صورت-عل,2024-09-11 13:15:52,2024-09-12 10:29:36,3437,True,False,False,13715,blog|مقالات,بازسازی اسکار|تزریق چربی برای ناقرینگی صورت|تشخیص ناقرینگی صورت|جراحی پلاستیک صورت|جراحی ترمیمی صورت|شکستگی‌های فک|مشکلات عصبی ناشی از تروما|ناقرینگی صورت ناشی از تروما|ناقرینگی‌های ناشی از تروما به صورت: علل، تشخیص و درمان,,,index,,0
post,publish,13709,استفاده از تکنولوژی دیجیتال در جراحی تصحیح ناقرینگی صورت,https://dralirezasadighi.com/استفاده-از-تکنولوژی-دیجیتال-در-جراحی-ت/,استفاده-از-تکنولوژی-دیجیتال-در-جراحی-ت,2024-09-16 13:17:02,2024-10-02 12:13:27,3606,True,False,False,,blog|مقالات,استفاده از تکنولوژی دیجیتال در جراحی تصحیح ناقرینگی صورت|بهترین جراح فک|تکنولوژی دیجیتال در جراحی فک|جراحی تصحیح ناقرینگی صورت|جراحی فک و صورت|جراحی هدایت‌شده با کامپیوتر|چاپ سه‌بعدی در جراحی فک|دکتر علیرضا صدیقی|مدل‌سازی سه‌بعدی صورت,,,index,,0
post,publish,13711,Digital Technology in Corrective Facial Asymmetry Surgery,https://dralirezasadighi.com/digital-technology-in-corrective-facial-asymmetry-surgery/,digital-technology-in-corrective-facial-asymmetry-surgery,2024-09-16 13:17:02,2024-09-11 13:19:14,3714,True,False,False,,blog|مقالات,3D modeling in facial surgery|3D printing in jaw surgery|Best maxillofacial surgeon Dr. Alireza Sedighi|Computer-guided surgery|Corrective facial asymmetry surgery|Digital Technology in Corrective Facial Asymmetry Surgery|Digital technology in jaw surgery|Maxillofacial surgery,,,index,,0
post,publish,13713,"Facial Asymmetry Due to Trauma: Causes, Diagnosis, and Treatment",https://dralirezasadighi.com/facial-asymmetry-due-to-trauma-causes-diagnosis-and-treatment/,facial-asymmetry-due-to-trauma-causes-diagnosis-and-treatment,2024-09-11 13:15:52,2024-09-12 10:39:01,3152,True,False,False,13716,blog|مقالات,and Treatment|Best maxillofacial surgeon|Diagnosis|Dr. Alireza Sedighi|Facial Asymmetry Due to Trauma: Causes|Facial asymmetry from trauma Reconstructive surgery for facial trauma|Facial nerve damage treatment|Jaw fracture surgery|Scar revision surgery,,,index,,0
post,publish,13739,ریلپس یا بازگشت پس از عمل جراحی فک با تاکید بر پوزیشنینگ قطعه پروکسیمال مندیبل و آزادسازی عضلات,https://dralirezasadighi.com/ریلپس-یا-بازگشت-پس-از-عمل-جراحی-فک-با-تا/,ریلپس-یا-بازگشت-پس-از-عمل-جراحی-فک-با-تا,2024-09-21 12:14:21,2024-10-02 12:20:41,3604,True,False,False,,blog|جراحی فک,آزادسازی عضلات فک|ارتوگناتیک|پوزیشنینگ قطعه پروکسیمال مندیبل|پیشگیری از ریلپس|تثبیت فک|تثبیت قطعات فکی|جراحی فک پایین|درمان ناهنجاری‌های فکی|دکتر علیرضا صدیقی|ریلپس پس از جراحی فک|مفصل گیجگاهی-فکی (TMJ)|وسایل ارتودنسی,,,index,,0
post,publish,13741,جراحی فک (ارتوگناتیک): مراحل و روند درمان,https://dralirezasadighi.com/جراحی-فک-ارتوگناتیک-مراحل-و-روند-درما/,جراحی-فک-ارتوگناتیک-مراحل-و-روند-درما,2024-09-21 12:20:48,2024-10-02 12:26:17,5091,True,False,False,,blog|جراحی فک,آماده‌سازی دندان‌ها برای جراحی|ارتودنسی قبل از جراحی فک|ارتودنسی و دندان عقل|برنامه‌ریزی جراحی فک|بهبود عملکرد دهان بعد از جراحی|پیگیری‌های جراحی فک|تشخیص ناهنجاری فک|تکنولوژی سه‌بعدی در جراحی فک|تنظیمات ارتودنسی بعد از جراحی|جراحی ارتوگناتیک|جراحی چانه|جراحی دندان عقل|جراحی دندان عقل قبل از ارتودنسی|جراحی دندان عقل قبل از جراحی فک|جراحی فک (ارتوگناتیک): مراحل و روند درمان|جراحی فک بالا|جراحی فک پایین|خارج کردن دندان عقل|خطرات جراحی فک|دکتر علیرضا صدیقی|دندان عقل و جراحی فک|دوره بهبودی جراحی فک|رژیم غذایی بعد از جراحی فک|روند درمان جراحی فک|عوارض جراحی فک|کشیدن دندان عقل|کشیدن دندان عقل قبل از جراحی|متخصص جراحی فک و صورت|مراحل جراحی ارتوگناتیک|مراقبت‌های بعد از جراحی فک|مزایای جراحی ارتوگناتیک|مشکلات بعد از جراحی فک|نتایج جراحی فک|نتایج جراحی فک و صورت,,,index,,0
post,publish,13743,"Optimal Timing for Wisdom Tooth Surgery, Jaw Surgery, and Dental Implants During Orthodontic Treatment",https://dralirezasadighi.com/optimal-timing-for-wisdom-tooth-surgery-jaw-surgery-and-dental-implants-during-orthodontic-treatment/,optimal-timing-for-wisdom-tooth-surgery-jaw-surgery-and-dental-implants-during-orthodontic-treatment,2024-09-21 12:20:48,2024-10-02 12:29:34,4142,True,False,False,,blog|جراحی فک,dental implant and braces|dental implant and jaw surgery|dental implants during orthodontics|Dr. Alireza Sedighi|implant placement during jaw surgery|implant timing|implants after jaw surgery|wisdom teeth and orthodontics|wisdom teeth before jaw surgery|wisdom tooth extraction,,,index,,0
post,publish,13745,مقایسه ایمپلنت و دندان طبیعی: بررسی تفاوت‌ها در ساختار، عملکرد و طول عمر,https://dralirezasadighi.com/مقایسه-ایمپلنت-و-دندان-طبیعی-بررسی-تفا/,مقایسه-ایمپلنت-و-دندان-طبیعی-بررسی-تفا,2024-10-17 10:39:43,2024-10-17 10:39:43,9656,True,False,False,,ایمپلنت|جراحی دندان,آینده ایمپلنت‌های دندانی|مراقبت از دندان‌های طبیعی|مزایای دندان‌های طبیعی|معایب ایمپلنت دندان|معایب دندان‌های طبیعی|مقایسه ایمپلنت و دندان طبیعی: بررسی تفاوت‌ها در ساختار، عملکرد و طول عمر,,,index,,0
post,publish,13747,روند درمانی و ترتیب درمانی جراحی فک، ایمپلنت، پیوند استخوان، جراحی دندان عقل و ارتودنسی,https://dralirezasadighi.com/روند-درمانی-و-ترتیب-درمانی-جراحی-فک،-ای/,روند-درمانی-و-ترتیب-درمانی-جراحی-فک،-ای,2024-10-17 10:45:39,2024-10-17 10:45:39,5990,True,False,False,,blog|مقالات,ایمپلنت|پیوند استخوان|جراحی دندان عقل و ارتودنسی|جراحی فک|روند درمانی و ترتیب درمانی جراحی فک، ایمپلنت، پیوند استخوان، جراحی دندان عقل و ارتودنسی,,,index,,0
post,publish,13749,درمان غیر قرینگی صورت: راهکارها، نقش اسکن طب هسته‌ای و زمان مناسب برای جراحی فک,https://dralirezasadighi.com/درمان-غیر-قرینگی-صورت-راهکارها،-نقش-اس/,درمان-غیر-قرینگی-صورت-راهکارها،-نقش-اس,2024-10-17 10:52:51,2024-10-17 10:52:51,5173,True,False,False,,blog|جراحی فک|مقالات,جراحی فک (ارتوگناتیک)|درمان‌های غیر جراحی|روش‌های درمان غیر قرینگی صورت|سن مناسب برای جراحی فک|علل غیر قرینگی صورت|غیر قرینگی صورت چیست؟|مراحل جراحی فک|مراقبت‌های بعد از جراحی فک و اسکن طب هسته‌ای,,,index,,0
post,publish,13751,"Treatment of Facial Asymmetry: Solutions, the Role of Nuclear Medicine Scans, and the Appropriate Age for Jaw Surgery",https://dralirezasadighi.com/treatment-of-facial-asymmetry-solutions-the-role-of-nuclear-medicine-scans-and-the-appropriate-age-for-jaw-surgery/,treatment-of-facial-asymmetry-solutions-the-role-of-nuclear-medicine-scans-and-the-appropriate-age-for-jaw-surgery,2024-10-17 10:52:51,2024-10-17 10:59:52,6272,True,False,False,,blog|جراحی فک,Jaw Surgery|Non-Surgical Treatments|Stages of Jaw Surgery|What is Facial Asymmetry?,,,index,,0
post,publish,13755,صدای فک و اختلالات مفصل TMJ: علل، راهکارها و درمان‌ها,https://dralirezasadighi.com/صدای-فک-و-اختلالات-مفصل-tmj-علل،-راهکارها/,صدای-فک-و-اختلالات-مفصل-tmj-علل،-راهکارها,2024-10-17 11:08:48,2024-10-17 11:16:43,5314,True,False,False,,blog|مقالات,پیشگیری از اختلالات TMJ|چرا فکم صدا میدهد|درمان صدای فک|راهکارهای درمان صدای فک و اختلالات TMJ|صدای فک و اختلالات مفصل TMJ: علل، راهکارها و درمان‌ها|علائم اختلالات TMJ|مفصل گیجگاهی فکی (TMJ) چیست؟|ناهماهنگی فک,,,index,,0
post,publish,13758,"Jaw Clicking and TMJ Disorders: Causes, Treatments, and Solutions",https://dralirezasadighi.com/jaw-clicking-and-tmj-disorders-causes-treatments-and-solutions/,jaw-clicking-and-tmj-disorders-causes-treatments-and-solutions,2024-10-17 11:08:48,2024-10-17 11:14:53,7339,True,False,False,,blog,and Solutions|Botox Injections|Causes of Jaw Clicking and TMJ Disorders|Jaw Clicking and TMJ Disorders: Causes|Stress and Muscle Tension|Surgery|Symptoms of TMJ Disorders|Treatment Options for Jaw Clicking and TMJ Disorders|Treatments|چرا فکم صدا میدهد|درمان صدای فک|ناهماهنگی فک,,,index,,0
post,publish,13763,دوره نقاهت جراحی چانه، مقایسه با پروتز چانه و تخصص دکتر علیرضا صدیقی,https://dralirezasadighi.com/دوره-نقاهت-جراحی-چانه،-مقایسه-با-پروتز/,دوره-نقاهت-جراحی-چانه،-مقایسه-با-پروتز,2024-10-17 11:18:31,2024-10-17 11:18:31,3537,True,False,False,,blog|جراحی چانه|جراحی فک|مقالات,تخصص دکتر علیرضا صدیقی در جراحی چانه|تغذیه بعد از جراحی چانه|دوره نقاهت جراحی چانه|دوره نقاهت جراحی چانه، مقایسه با پروتز چانه و تخصص دکتر علیرضا صدیقی|راحت بودن جراحی چانه|محل برش در جراحی چانه|مزایای جراحی چانه نسبت به پروتز چانه,,,index,,0
post,publish,13766,"Recovery Period of Chin Surgery, Comparison with Chin Implants, and Expertise of Dr. Alireza Sedighi",https://dralirezasadighi.com/recovery-period-of-chin-surgery-comparison-with-chin-implants-and-expertise-of-dr-alireza-sedighi/,recovery-period-of-chin-surgery-comparison-with-chin-implants-and-expertise-of-dr-alireza-sedighi,2024-10-17 11:18:31,2024-10-17 11:19:28,4384,True,False,False,,blog|جراحی فک,and Expertise of Dr. Alireza Sedighi|Comparison with Chin Implants|Dr. Alireza Sedighi's Expertise in Chin Surgery|Location of Incisions in Chin Surgery|Nutrition After Chin Surgery|Recovery Period of Chin Surgery,,,index,,0
post,publish,13786,ایمپلنت اشترومن تبریز (Straumann)؛ ایمپلنت سوئیسی با طرح درمان تخصصی,https://dralirezasadighi.com/ایمپلنت-اشترومن-در-تبریز؛-بهترین-راه/,ایمپلنت-اشترومن-در-تبریز؛-بهترین-راه,2024-10-26 21:10:27,2026-05-31 15:15:14,4784,True,True,False,13787,blog|ایمپلنت,ایمپلنت اشترومن|ایمپلنت تبریز|جراح دندان تبریز|جراحی ایمپلنت تبریز|دکتر علیرضا صدیقی|دندانپزشک تبریز|متخصص دندان تبریز,ایمپلنت اشترومن تبریز | ایمپلنت سوئیسی با طرح درمان تخصصی,راهنمای تخصصی ایمپلنت اشترومن تبریز: انتخاب سیستم ایمپلنت سوئیسی، مراحل جراحی تا روکش، مراقبت‌ها و پاسخ به سوالات رایج. مشاوره و تعیین طرح درمان ایمپلنت اشترومن در تبریز.,index,"ایمپلنت اشترومن تبریز,ایمپلنت اشترومن در تبریز",0
post,publish,13794,مزایای جراحی فک و معرفی بهترین جراح فک، دکتر علیرضا صدیقی,https://dralirezasadighi.com/مزایای-جراحی-فک-و-معرفی-بهترین-جراح-فک،/,مزایای-جراحی-فک-و-معرفی-بهترین-جراح-فک،,2024-10-29 02:00:04,2024-10-29 02:00:04,4727,True,False,False,13795,blog|جراحی فک,انواع جراحی فک|بهترین جراح فک|بهترین جراح فک تبریز|تجربه و تخصص دکتر علیرضا صدیقی|جراحی فک|جراحی فک تبریز|جراحی فک چیست|جراحی فک خوب|چگونه بهترین جراح فک را انتخاب کنیم؟|چه کسانی به جراحی فک نیاز دارند؟|دکتر علیرضا صدیقی|مزایای جراحی فک|مزایای جراحی فک و معرفی بهترین جراح فک، دکتر علیرضا صدیقی|معایت جراحی فک,,,index,,0
post,publish,13798,خنده لثه‌ای؛ علل، تشخیص و روش‌های درمانی توسط دکتر علیرضا صدیقی، بهترین جراح فک در ایران,https://dralirezasadighi.com/خنده-لثهای؛-علل،-تشخیص-و-روشهای-درم/,خنده-لثهای؛-علل،-تشخیص-و-روشهای-درم,2024-10-30 11:49:45,2024-10-30 11:58:17,5001,True,False,True,13803,blog|مقالات,اصلاح طرح لبخند|اصلاح لبخند لثه‌ای|جراحی زیبایی لثه|جراحی لبخند لثه‌ای|خنده لثه‌ای؛ علل، تشخیص و روش‌های درمانی توسط دکتر علیرضا صدیقی، بهترین جراح فک در ایران|درمان خنده لثه‌ای|درمان لبخند لثه‌ای بدون جراحی|درمان لبخند لثه‌ای در ایران|زیبایی لبخند|علت‌های خنده لثه‌ای|لبخند لثه‌ای چیست؟,,,index,,0
post,publish,13846,راهنمای جامع کاشت دندان و ایمپلنت در تبریز و تهران: تجربه دکتر صدیقی، بهترین جراح ایمپلنت ایران,https://dralirezasadighi.com/راهنمای-جامع-کاشت-دندان-و-ایمپلنت-در-تب/,راهنمای-جامع-کاشت-دندان-و-ایمپلنت-در-تب,2024-11-20 00:13:02,2025-05-19 21:30:11,6414,True,True,False,13847,blog|ایمپلنت,ایمپلنت تبریز و تهران|بهترین متخصص ایمپلنت|دکتر صدیقی جراح ایمپلنت|کاشت دندان تبریز|کلینیک ایمپلنت تهران|هزینه ایمپلنت در تبریز,ایمپلنت دندان و کاشت دندان در تبریز و تهران | تجربه دکتر صدیقی، متخصص ایمپلنت,ایمپلنت دندان و کاشت دندان با بهترین برندهای ایمپلنت در تبریز و تهران، همراه با تجربه موفق دکتر صدیقی، جراح فک و صورت. بررسی مراحل، مزایا، هزینه و ایمپلنت سوئیسی.,index,کاشت دندان,0
post,publish,13851,همه‌چیز درباره دندان عقل: زمان مناسب برای کشیدن و عوارض احتمالی باقی‌ماندن آن,https://dralirezasadighi.com/همهچیز-درباره-دندان-عقل-زمان-مناسب-ب/,همهچیز-درباره-دندان-عقل-زمان-مناسب-ب,2024-11-20 01:20:06,2025-05-19 21:04:30,4189,True,True,False,13856,blog|جراحی دندان عقل,جراحی دندان عقل|درد دندان عقل|دندان عقل|دندان‌های نهفته|زمان مناسب کشیدن دندان عقل|سلامت دهان و دندان|عوارض دندان عقل|فک و دندان‌های مجاور|کشیدن دندان عقل|مشکلات دندان عقل|همه‌چیز درباره دندان عقل: زمان مناسب برای کشیدن و عوارض احتمالی باقی‌ماندن آن,همه‌چیز درباره دندان عقل | زمان مناسب کشیدن و عوارض احتمالی,دندان عقل اگر به‌موقع کشیده نشود، می‌تواند باعث درد، عفونت، بی‌نظمی دندان‌ها و حتی کیست شود. در این مقاله به زمان مناسب برای جراحی دندان عقل، عوارض و مراقبت‌های لازم پرداخته‌ایم.,index,"دندان عقل,زمان مناسب برای کشیدن دندان عقل",0
post,publish,13860,بهترین برندهای ایمپلنت دندانی: مقایسه‌ای تخصصی از اشترومن، زیممر بیومت، بیوهورایزن، استم، نئودنت و آی‌سی‌ایکس,https://dralirezasadighi.com/بهترین-برندهای-ایمپلنت-دندانی-اشتروم/,بهترین-برندهای-ایمپلنت-دندانی-اشتروم,2024-11-24 14:51:46,2025-05-19 20:37:45,4413,True,True,False,13861,blog|ایمپلنت,ایمپلنت با بهترین برند در تبریز|ایمپلنت تضمینی با ماندگاری بالا|ایمپلنت فوری و حرفه‌ای|بهترین ایمپلنت تبریز|بهترین ایمپلنت دندان|بهترین برند ایمپلنت|بهترین برندهای ایمپلنت دندانی: اشترومن، زیممر بیو مت، و بیوهورایزن|بهترین جراح فک و صورت|بهترین متخصص ایمپلنت تبریز|جراح فک و صورت باتجربه|جراح فک و صورت حرفه‌ای در تبریز|جراح فک و صورت در تبریز|جراح متخصص ایمپلنت|درمان تخصصی ایمپلنت دندان|کاشت ایمپلنت تضمینی تبریز|کاشت ایمپلنت توسط جراح ماهر|کاشت ایمپلنت دندان|کاشت ایمپلنت دندان در تبریز|کلینیک حرفه‌ای ایمپلنت تبریز|کلینیک دندانپزشکی تخصصی در تبریز|متخصص ایمپلنت حرفه‌ای|متخصص ایمپلنت در تبریز|مشاوره تخصصی ایمپلنت,بهترین برندهای ایمپلنت دندان | بررسی تخصصی اشترومن، زیممر، نئودنت و بیشتر,انتخاب برند مناسب ایمپلنت دندان برای موفقیت درمان حیاتی است. در این مقاله بهترین برندهای ایمپلنت دندان مانند اشترومن، زیممر، بیوهورایزن، استم، نئودنت و آی‌سی‌ایکس را بررسی کرده‌ایم.,index,بهترین برندهای ایمپلنت دندان,0
post,publish,13898,چرا دندان عقل درد می‌کند؟ دلایل و راه‌حل‌های تخصصی,https://dralirezasadighi.com/درد-دندان-عقل/,درد-دندان-عقل,2024-11-30 16:35:27,2025-05-19 20:10:48,5278,True,True,False,13899,blog|جراحی دندان|جراحی دندان عقل,جراحی دندان عقل|چرا دندان عقل درد می‌کند؟|چرا دندان عقل درد می‌کند؟ دلایل و راه‌حل‌های تخصصی|دندان عقل|دندان عقل چیست|همه چیز درمورد دندان عقل,دلیل درد دندان عقل چیست؟ | دلایل، علائم و راهکارهای تخصصی | دکتر علیرضا صدیقی,درد دندان عقل می‌تواند نشانه نهفتگی، عفونت یا کمبود فضا در فک باشد. در این مقاله با دلایل درد دندان عقل، علائم شایع و روش‌های درمان تخصصی توسط دکتر علیرضا صدیقی آشنا شوید.,index,درد دندان عقل,0
post,publish,13920,ایمپلنت اقساطی در تبریز؛ راهی برای انجام درمان باکیفیت بدون فشار مالی,https://dralirezasadighi.com/ایمپلنت-اقساطی-در-تبریز-با-دکتر-علیرضا/,ایمپلنت-اقساطی-در-تبریز-با-دکتر-علیرضا,2024-12-12 00:41:37,2026-05-21 00:15:14,9516,True,True,False,14660,blog|مقالات,ایمپلنت اقساطی در تبریز|ایمپلنت اقساطی در تبریز با دکتر علیرضا صدیقی، فوق تخصص جراحی فک و صورت|ایمپلنت تضمینی در تبریز|ایمپلنت دندان در تبریز|ایمپلنت فوری با پرداخت اقساطی|بهترین دندانپزشک ایمپلنت تبریز|دندانپزشکی اقساطی در تبریز|قیمت ایمپلنت اقساطی تبریز|کاشت دندان اقساطی تبریز|کلینیک ایمپلنت تبریز|متخصص ایمپلنت در تبریز,ایمپلنت اقساطی در تبریز | دکتر علیرضا صدیقی، جراح فک و صورت,به دنبال ایمپلنت اقساطی در تبریز هستید؟ در این راهنما شرایط پرداخت مرحله‌ای، تفاوت ایمپلنت اقساطی با ایمپلنت ارزان و جزئیات خدمات در کلینیک دکتر علیرضا صدیقی را بخوانید.,index,"ایمپلنت اقساطی در تبریز,ایمپلنت اقساطی تبریز,ایمپلنت قسطی در تبریز",0
post,publish,13922,سینوس لیفت تخصصی و کاشت ایمپلنت دندان با بهترین تکنیک‌های روز دنیا در کلینیک دکتر صدیقی – تهران و تبریز,https://dralirezasadighi.com/سینوس-لیفت-و-ایمپلنت-دندان/,سینوس-لیفت-و-ایمپلنت-دندان,2024-12-12 00:44:28,2025-05-19 18:08:57,4523,True,True,False,14001,blog|مقالات,دکتر صدیقی|سینوس لیفت|سینوس لیفت تخصصی|کاشت ایمپلنت دندان|کلینیک دکتر صدیقی,سینوس لیفت و ایمپلنت دندان | تخصصی‌ترین جراحی در کلینیک دکتر صدیقی تهران و تبریز,جراحی سینوس لیفت و ایمپلنت دندان با جدیدترین تکنیک‌ها و تجهیزات روز دنیا در کلینیک دکتر صدیقی در تهران و تبریز. مشاوره تخصصی رایگان + تجربه بالای جراح.,index,"ایمپلنت دندان,سینوس لیفت",0
post,publish,13924,لیفت شقیقه گلایدینگ؛ روش کم‌تهاجمی برای جوانسازی اطراف چشم و شقیقه,https://dralirezasadighi.com/لیفت-شقیقه-گلایدینگ/,لیفت-شقیقه-گلایدینگ,2024-12-15 02:19:13,2025-05-19 01:16:52,4131,True,True,False,14649,blog|مقالات,بهترین دکتر لیفت شقیقه|جوانسازی بدون جراحی|جوانسازی صورت|رفع افتادگی شقیقه|رفع چین و چروک اطراف چشم|زیباسازی نیمه فوقانی صورت|کشیدگی طبیعی شقیقه|لیفت سریع و ایمن|لیفت شقیقه|لیفت شقیقه بدون بیهوشی|لیفت شقیقه در تبریز|لیفت شقیقه در تهران|لیفت شقیقه گلایدینگ|لیفت شقیقه گلایدینگ؛ جوانسازی طبیعی بدون جراحی و بیهوشی|مراقبت‌های بعد از لیفت شقیقه|هزینه لیفت شقیقه,لیفت شقیقه گلایدینگ | جوانسازی بدون جراحی با ماندگاری بالا,لیفت شقیقه گلایدینگ یک روش کم‌تهاجمی، ایمن و مؤثر برای رفع افتادگی گوشه چشم و بالا بردن ابروهاست. با نتایج طبیعی، بدون جراحی و با دوران نقاهت کوتاه.,index,لیفت شقیقه گلایدینگ,0
post,publish,13926,جراحی چانه: بررسی علمی روش‌های اصلاح فرم چانه با پروتز، جینیوپلاستی و فیلر + مزایا، معایب و هزینه‌ها,https://dralirezasadighi.com/جراحی-چانه-پروتز-فیلر-جینیوپلاستی/,جراحی-چانه-پروتز-فیلر-جینیوپلاستی,2024-12-15 02:24:19,2025-05-17 23:47:40,4412,True,True,False,14641,blog|مقالات,پروتز چانه|جراحی چانه، پروتز چانه، فیلر و جینیوپلاستی: بررسی کامل روش‌ها، مزایا و معایب|فیلر و جینیوپلاستی,جراحی چانه: بررسی روش‌های اصلاح فرم با پروتز، جینیوپلاستی و فیلر,در این مقاله، به بررسی تخصصی انواع روش‌های اصلاح فرم چانه شامل جراحی چانه، جینیوپلاستی و تزریق فیلر می‌پردازیم. نکات مهم انتخاب بهترین روش، مزایا، معایب و هزینه‌های هر تکنیک نیز آورده شده است.,index,"جراحی چانه,پروتز چانه",0
post,publish,13929,راهنمای جامع ایمپلنت دندان در تبریز | معرفی متخصصین، هزینه‌ها و خدمات فوری و اقساطی,https://dralirezasadighi.com/راهنمای-جامع-ایمپلنت-دندان-در-تبریز-2/,راهنمای-جامع-ایمپلنت-دندان-در-تبریز-2,2024-12-21 16:25:38,2025-05-16 18:36:34,5006,True,True,False,13930,blog|مقالات,ایمپلنت دندان|ایمپلنت دندان در تبریز|راهنمای جامع ایمپلنت دندان|راهنمای جامع ایمپلنت دندان در تبریز|معرفی متخصصین,راهنمای جامع ایمپلنت دندان در تبریز,بهترین کلینیک‌ها و متخصصین ایمپلنت دندان در تبریز. هزینه‌ها، خدمات فوری و اقساطی ایمپلنت دندان را اینجا بخوانید.,index,ایمپلنت دندان در تبریز,0
post,publish,13934,جوانسازی صورت با فیلر: راهی سریع و مؤثر برای زیبایی طبیعی در تهران و تبریز,https://dralirezasadighi.com/جوانسازی-صورت-با-فیلر-تهران-و-تبریز/,جوانسازی-صورت-با-فیلر-تهران-و-تبریز,2024-12-25 16:31:27,2025-05-08 01:59:15,6017,True,True,False,13935,blog|مقالات,ایمنی تزریق فیلر|بازگرداندن حجم صورت|برندهای باکیفیت فیلر|بهبود زیبایی طبیعی|تزریق حرفه‌ای فیلر|تکنیک‌های پیشرفته زیبایی|جوانسازی پوست|جوانسازی صورت|جوانسازی صورت آقایان|جوانسازی صورت با فیلر: راهی سریع و مؤثر برای زیبایی طبیعی در تهران و تبریز|خدمات زیبایی ممتاز|درمان‌های زیبایی غیرتهاجمی|درمان‌های غیرجراحی صورت|فیلرهای ایمن صورت|فیلرهای پوستی|کاهش چین‌وچروک|کلینیک زیبایی تبریز|کلینیک زیبایی تهران|کلینیک زیبایی مدرن در تبریز|کلینیک زیبایی مدرن در تهران|نتایج طبیعی,جوانسازی صورت با فیلر در تهران و تبریز | کلینیک تخصصی دکتر صدیقی,جوانسازی صورت با فیلر یکی از روش‌های مؤثر و ایمن برای بازگرداندن طراوت و زیبایی طبیعی به چهره است. در این مقاله با کاربردها، مزایا و مراقبت‌های فیلر آشنا شوید.,index,جوانسازی صورت با فیلر,0
post,publish,13938,Facial Rejuvenation with Fillers: A Quick and Effective Path to Natural Beauty in Tehran and Tabriz,https://dralirezasadighi.com/facial-rejuvenation-with-fillers-a-quick-and-effective-path-to-natural-beauty-in-tehran-and-tabriz/,facial-rejuvenation-with-fillers-a-quick-and-effective-path-to-natural-beauty-in-tehran-and-tabriz,2024-12-25 16:31:27,2024-12-25 16:34:38,6353,True,False,False,13936,مقالات,cosmetic clinics|Dr. Sadeghi|facial contouring|Facial fillers|Facial Rejuvenation with Fillers: A Quick and Effective Path to Natural Beauty in Tehran and Tabriz|genuine fillers|hyaluronic acid|non-surgical beauty|rejuvenation|Tabriz|Tehran|wrinkle treatment,,"Facial Rejuvenation with Fillers: A Quick and Effective Path to Natural Beauty in Tehran and Tabriz time, facial skin undergoes changes such as",index,Facial Rejuvenation,0
post,publish,13940,Innovative Techniques for Correcting Mandibular Prognathism: Combining Functionality and Aesthetics,https://dralirezasadighi.com/innovative-techniques-for-correcting-mandibular-prognathism-combining-functionality-and-aesthetics/,innovative-techniques-for-correcting-mandibular-prognathism-combining-functionality-and-aesthetics,2024-12-25 16:46:25,2024-12-25 16:46:25,4547,True,False,False,13941,مقالات,Best maxillofacial surgeon|digital jaw surgery|Dr. Alireza Sadighi|facial aesthetics|forward lower jaw correction|Innovative Techniques for Correcting Mandibular Prognathism: Combining Functionality and Aesthetics|mandibular prognathism surgery|modern jaw surgery techniques|surgery without jaw fixation,,"Innovative Techniques for Correcting Mandibular Prognathism: Combining Functionality and Aesthetics Mandibular prognathism, commonly referred",index,Innovative Techniques,0
post,publish,13945,روش‌های نوین جراحی برای اصلاح جلوآمدگی فک پایین: ترکیب زیبایی و عملکرد,https://dralirezasadighi.com/جراحی-جلوآمدگی-فک-پایین/,جراحی-جلوآمدگی-فک-پایین,2024-12-25 16:46:25,2025-05-08 00:29:30,4450,True,True,False,13942,blog|مقالات,اصلاح جلوآمدگی فک|بهترین جراح فک و صورت|تکنیک‌های جراحی فک|جراحی بدون بستن فک|جراحی فک پایین جلو آمده|دکتر علیرضا صدیقی، روش‌های دیجیتال جراحی فک|روش‌های نوین جراحی برای اصلاح جلوآمدگی فک پایین: ترکیب عملکرد و زیبایی|زیبایی صورت,جراحی جلوآمدگی فک پایین | تکنولوژی دیجیتال، بدون درد و بدون بستن فک,جراحی جلوآمدگی فک پایین با روش‌های دیجیتال و بدون بستن فک، با کمترین درد و بهترین نتیجه. مشاوره تخصصی با دکتر علیرضا صدیقی در تهران و تبریز.,index,"جلوآمدگی فک پایین,جراحی جلوآمدگی فک پایین",0
post,publish,13949,راهنمای جامع جراحی فک پایین جلو آمده: هر آنچه باید بدانید,https://dralirezasadighi.com/جراحی-فک-پایین-جلو-آمده/,جراحی-فک-پایین-جلو-آمده,2024-12-28 22:38:04,2025-05-07 02:31:09,2443,True,True,False,13950,blog|جراحی فک|مقالات,ارتودنسی قبل از جراحی|اصلاح فک پایین|پروگناتیسم|جراحی فک پایین|جراحی فک و صورت|درمان ناهنجاری فک|فک جلو آمده|مراقبت‌های پس از جراحی|مشکلات عملکردی فک|مفصل گیجگاهی,جراحی فک پایین جلو آمده (پروگناتیسم): درمان قطعی ناهنجاری فک و بهبود ظاهر صورت,اگر از جلو آمدگی فک پایین یا پروگناتیسم رنج می‌برید، جراحی فک پایین جلو آمده بهترین راهکار درمانی است. در این مقاله با مراحل، مزایا و مراقبت‌های آن آشنا شوید.,index,جراحی فک پایین جلو آمده,0
post,publish,13953,Comprehensive Guide to Lower Jaw Surgery: Everything You Need to Know,https://dralirezasadighi.com/comprehensive-guide-to-lower-jaw-surgery-everything-you-need-to-know/,comprehensive-guide-to-lower-jaw-surgery-everything-you-need-to-know,2024-12-28 22:38:04,2024-12-28 22:41:02,4786,True,False,False,13951,blog|جراحی فک|مقالات,Comprehensive Guide to Lower Jaw Surgery: Everything You Need to Know|forward jaw|functional jaw issues|Jaw|jaw misalignment treatment|Jaw Surgery|lower jaw correction|lower jaw surgery|Maxillofacial surgery|post-surgery care|pre-surgery orthodontics|prognathism|temporomandibular joint,,"Comprehensive Guide to Lower Jaw Surgery: Everything You Need to Know Lower jaw surgery, also known as mandibular advancement surgery,",index,Comprehensive Guide to Lower Jaw Surgery,0
post,publish,13957,فک پایین عقب‌رفته چیست؟ دلایل، علائم و اهمیت درمان آن,https://dralirezasadighi.com/فک-پایین-عقبرفته/,فک-پایین-عقبرفته,2024-12-29 13:12:04,2025-05-07 00:27:53,4198,True,True,False,13958,blog|جراحی فک|مقالات,اهمیت درمان فک|جراحی فک|درمان فک پایین|دلایل عقب‌رفتگی فک|رتروگناتیا|علائم فک عقب‌رفته|فک پایین عقب‌رفته|مشکلات فک و صورت,فک پایین عقب‌رفته چیست؟ دلایل، علائم و روش‌های درمان | دکتر علیرضا صدیقی,فک پایین عقب‌رفته یا رتروگناتیا باعث مشکلاتی در جویدن، گفتار و تنفس می‌شود. با علائم، دلایل و درمان این ناهنجاری فکی آشنا شوید.,index,فک پایین عقب‌رفته,0
post,publish,13961,"Recessed Lower Jaw: Causes, Symptoms, and Treatment",https://dralirezasadighi.com/recessed-lower-jaw-causes-symptoms-and-treatment/,recessed-lower-jaw-causes-symptoms-and-treatment,2024-12-29 13:12:04,2024-12-29 13:17:16,3848,True,False,False,13959,blog|جراحی فک|مقالات,Causes of retrognathia|Importance of jaw treatment|Jaw and facial issues|Jaw Surgery|Lower jaw treatment|Recessed lower jaw|Retrognathia|Symptoms of a recessed jaw,,"Have you ever noticed someone whose chin appears further back than usual? This condition, known as a recessed lower jaw or retrognathia, i",index,Recessed Lower Jaw,0
post,publish,13966,جراحی فک پایین عقب رفته: راهی برای بهبود عملکرد و زیبایی,https://dralirezasadighi.com/جراحی-فک-پایین-عقب-رفته-2/,جراحی-فک-پایین-عقب-رفته-2,2024-12-29 16:27:58,2025-05-06 23:57:22,1964,True,True,False,13967,blog|جراحی فک|مقالات,اصلاح ناهنجاری فکی|بهبود زیبایی صورت|جراحی ارتوگناتیک|جراحی فک پایین|جراحی فک پایین عقب رفته|جراحی فک پایین عقب رفته: راهی برای بهبود عملکرد و زیبایی|جراحی فک و صورت|درمان فک عقب|فک عقب رفته,,جراحی فک پایین عقب رفته: راهی برای بهبود عملکرد و زیبایی روند جراحی و آمادگی‌های قبل از عملجراحی‌های دندانپزشکی، به‌ویژه جراحی‌های ارتوگناتیک,index,جراحی فک پایین عقب رفته,0
post,publish,13972,Lower Jaw Surgery for Receding Jaw: Improving Function and Aesthetics,https://dralirezasadighi.com/lower-jaw-surgery-for-receding-jaw-improving-function-and-aesthetics/,lower-jaw-surgery-for-receding-jaw-improving-function-and-aesthetics,2024-12-29 16:27:58,2024-12-29 16:34:46,4205,True,False,False,13973,blog|جراحی فک|مقالات,facial aesthetics improvement|functional jaw correction|jaw misalignment correction|jaw repositioning surgery.|jaw surgery recovery|lower jaw surgery|Maxillofacial surgery|orthodontic treatment|orthognathic surgery|receding jaw|receding jaw treatment|surgery preparation,,"Lower Jaw Surgery for Receding Jaw: Improving Function and AestheticsJaw surgeries, especially those focused on correcting a receding",index,Lower Jaw Surgery for Receding Jaw,0
post,publish,13976,جراحی فک پایین عقب رفته: بهبودی و نتایج بلندمدت,https://dralirezasadighi.com/جراحی-فک-پایین-عقب-رفته/,جراحی-فک-پایین-عقب-رفته,2024-12-29 16:43:39,2025-05-06 23:50:03,4344,True,True,False,13977,blog|جراحی فک|مقالات,بهبود عملکرد فک|بهبودی بعد از جراحی|جراحی ارتوگناتیک|جراحی فک پایین|درمان فک عقب|زیبایی فک|فک عقب رفته|نتایج بلندمدت جراحی فک,جراحی فک پایین عقب رفته | بهبودی، مراقبت‌ها و نتایج بلندمدت,اگر قصد انجام جراحی فک پایین عقب رفته را دارید یا به‌تازگی این جراحی را پشت سر گذاشته‌اید، در این راهنمای جامع با مراقبت‌های بعد از عمل، روند بهبودی، عوارض احتمالی و نتایج زیبایی و عملکردی بلندمدت آشنا شوید.,index,جراحی فک پایین عقب رفته,0
post,publish,13981,Receding Jaw Surgery: Recovery and Long-Term Results,https://dralirezasadighi.com/receding-jaw-surgery-recovery-and-long-term-results/,receding-jaw-surgery-recovery-and-long-term-results,2024-12-29 16:43:39,2024-12-29 17:03:24,4970,True,False,False,13978,blog|جراحی فک|مقالات,jaw aesthetics|jaw function improvement|jaw treatment|long-term results|lower jaw surgery|orthognathic surgery|receding jaw surgery|Receding Jaw Surgery: Recovery and Long-Term Results|recovery after jaw surgery,,Receding Jaw Surgery: Recovery and Long-Term ResultsRecovery Process After Jaw Surgery and Time Required for Return to Daily Activities,index,Receding Jaw Surgery,0
post,publish,13992,آیا جراحی فک خطرناک است؟ بررسی علمی عوارض، مزایا و نکات مهم پیش از عمل,https://dralirezasadighi.com/جراحی-فک-خطرناک/,جراحی-فک-خطرناک,2024-12-30 18:14:10,2025-05-06 19:06:39,3119,True,True,False,13993,blog|جراحی فک|مقالات,,آیا جراحی فک خطرناک است؟ بررسی علمی مزایا و عوارض جراحی فک,جراحی فک چه خطراتی دارد؟ در این مقاله جامع به بررسی کامل عوارض، مزایا و نکات مهم قبل و بعد از جراحی فک با منابع معتبر جهانی پرداخته‌ایم.,index,جراحی فک,0
post,publish,14003,جراحی فک دیجیتال: تحول نوین در دقت و نتایج جراحی‌های فک و صورت,https://dralirezasadighi.com/جراحی-فک-دیجیتال/,جراحی-فک-دیجیتال,2025-01-03 18:33:55,2025-05-04 13:55:36,2728,True,True,False,14004,blog|جراحی دیجیتال فک|جراحی فک|مقالات,,جراحی فک دیجیتال | تحول نوین در دقت و نتایج جراحی‌های فک و صورت,جراحی فک دیجیتال با بهره‌گیری از اسکن و چاپ سه‌بعدی، دقت، ایمنی و نتایج درمانی را به‌طور چشمگیری بهبود می‌دهد. اطلاعات کامل و علمی را اینجا بخوانید.,index,جراحی فک دیجیتال,0
post,publish,14033,فیلم جراحی فک در اتاق عمل: از مراحل درمان تا نتایج واقعی,https://dralirezasadighi.com/فیلم_جراحی_فک_در_اتاق_عمل/,فیلم_جراحی_فک_در_اتاق_عمل,2025-01-03 19:46:50,2025-05-04 12:59:42,3717,True,True,False,14034,blog|جراحی فک|مقالات,جراحی فک|فیلم جراحی فک|فیلم جراحی فک در اتاق عمل|مراحل جراحی فک,فیلم جراحی فک در اتاق عمل | مراحل کامل جراحی + نتایج واقعی,فیلم جراحی فک در اتاق عمل  را ببینید تا با مراحل جراحی، نتایج قبل و بعد از عمل و اهمیت جراحی دیجیتال آشنا شوید. معرفی دکتر علیرضا صدیقی.,index,فیلم جراحی فک در اتاق عمل,0
post,publish,14043,جراحی فک کم تهاجمی: درمانی نوین با حداقل درد و دوران نقاهت کوتاه,https://dralirezasadighi.com/جراحی-فک-کم-تهاجمی/,جراحی-فک-کم-تهاجمی,2025-01-04 21:40:12,2025-04-27 12:05:34,3054,True,True,False,14046,blog|جراحی فک|مقالات,بهبود سریع جراحی فک|تکنیک‌های پیشرفته جراحی فک|جراحی فک با برش کم|جراحی فک با حداقل برش|جراحی فک با فناوری دیجیتال|جراحی فک با فناوری نوین|جراحی فک بدون خونریزی|جراحی فک بدون درد|جراحی فک سریع|جراحی فک شخصی‌سازی شده|جراحی فک کم‌تهاجمی|جراحی فک کم‌تهاجمی با لیزر|جراحی فک کم‌تهاجمی: روشی نوین برای درمان فک|جراحی فک و صورت|درمان فک با لیزر|درمان ناهنجاری فک|دوران نقاهت کوتاه جراحی فک|کاهش درد جراحی فک|مدل سه‌بعدی جراحی فک|هزینه جراحی فک کم‌تهاجمی,,جراحی فک کم تهاجمی با کاهش درد، کوتاه کردن دوران نقاهت و استفاده از فناوری‌های نوین، روشی ایده‌آل برای درمان ناهنجاری‌های فک است. با ما همراه باشید.,index,جراحی فک کم تهاجمی,0
post,publish,14063,ایمپلنت دندان بدون درد: راهی برای لبخندی زیبا و بدون ترس,https://dralirezasadighi.com/ایمپلنت-دندان-بدون-درد/,ایمپلنت-دندان-بدون-درد,2025-01-08 18:20:16,2025-05-04 10:52:46,3470,True,True,False,14064,blog|ایمپلنت|جراحی دندان,ایمپلنت دندان بدون درد: راهی برای لبخندی زیبا و بدون ترس,ایمپلنت دندان بدون درد | درمانی راحت و ایمن با کمترین ناراحتی,ایمپلنت دندان بدون درد دیگر یک رویا نیست! با تکنولوژی‌های نوین و تخصص دکتر صدیقی، بدون ترس و ناراحتی، لبخندی زیبا و ماندگار داشته باشید.,index,ایمپلنت دندان بدون درد,0
post,publish,14067,موفقیت ۱۳ واحد ایمپلنت پس‌از دو سال بی هیچ مشکلی,https://dralirezasadighi.com/موفقیت-۱۳-واحد-ایمپلنت-پساز-دو-سال-بی/,موفقیت-۱۳-واحد-ایمپلنت-پساز-دو-سال-بی,2025-01-13 16:25:57,2025-01-14 02:18:25,123,True,False,False,14068,blog|ایمپلنت|جراحی دندان,ایمپلنت|ایمپلنت تبریز|ایمپلنت دندان|مرکز ایمپلنت|مرکز ایمپلنت تبریز|مرکز تخصصی ایمپلنت|مرکز تخصصی ایمپلنت تبریز|موفقیت ۱۳ واحد ایمپلنت پس‌از دو سال بی هیچ مشکلی,,موفقیت ۱۳ واحد ایمپلنت پس‌از دو سال بی هیچ مشکلی موفقیت ۱۳ واحد ایمپلنت پس‌از دو سال بی هیچ مشکلی موفقیت ۱۳ واحد ایمپلنت پس‌از دو سال,index,ایمپلنت,0
post,publish,14071,تفاوت جراحی دندان عقل با کشیدن ساده | راهنمای کامل توسط دکتر علیرضا صدیقی,https://dralirezasadighi.com/تفاوت-جراحی-دندان-عقل-با-کشیدن-ساده/,تفاوت-جراحی-دندان-عقل-با-کشیدن-ساده,2025-01-12 16:37:36,2025-05-03 15:18:31,3233,True,True,False,14072,جراحی دندان|جراحی دندان عقل,آسیب به عصب فک|بهترین جراح فک و صورت|تفاوت جراحی و کشیدن دندان عقل|جراحی دندان عقل|دندان عقل نهفته|کشیدن دندان عقل|مراقبت‌های بعد از جراحی دندان عقل|هزینه جراحی دندان عقل,تفاوت جراحی دندان عقل با کشیدن ساده | دکتر علیرضا صدیقی,جراحی دندان عقل یا کشیدن ساده؟ با راهنمای جامع دکتر صدیقی، بهترین روش درمان دندان عقل را انتخاب کنید. مزایا، معایب، هزینه‌ها و مراقبت‌های بعد از درمان.,index,"جراحی دندان عقل,کشیدن ساده دندان عقل,دندان نهفته,عوارض دندان عقل",0
post,publish,14086,ایمپلنت دندان چیست و چرا بهترین گزینه است؟,https://dralirezasadighi.com/ایمپلنت-دندان/,ایمپلنت-دندان,2025-01-21 19:14:50,2025-05-03 14:45:29,2383,True,True,False,14087,blog|ایمپلنت|جراحی دندان,ایمپلنت دندان|بازگرداندن لبخند|تاج دندان|تحلیل استخوان فک|جایگزینی دندان|جراحی ایمپلنت|مراحل ایمپلنت دندان|مراقبت از ایمپلنت,ایمپلنت دندان چیست؟ مراحل، مزایا و مراقبت‌ها | کلینیک دکتر صدیقی,ایمپلنت دندان یک روش نوین و دائمی برای جایگزینی دندان‌های از دست رفته است. با شناخت مزایا، مراحل و مراقبت‌های پس از کاشت ایمپلنت، لبخند طبیعی خود را بازگردانید.,index,ایمپلنت دندان,0
post,publish,14090,ایمپلنت دیجیتال: تحولی نوین در دندان‌پزشکی مدرن,https://dralirezasadighi.com/ایمپلنت-دیجیتال/,ایمپلنت-دیجیتال,2025-01-21 19:31:01,2025-05-03 14:08:49,3794,True,True,False,14091,blog|ایمپلنت|جراحی دندان,ایمپلنت دیجیتال|تکنولوژی سه‌بعدی در دندان‌پزشکی|کاشت ایمپلنت دقیق|مراحل ایمپلنت دیجیتال|مراقبت از ایمپلنت دیجیتال|مزایای ایمپلنت دیجیتال|هزینه ایمپلنت دیجیتال,ایمپلنت دیجیتال | کاشت دندان دقیق، سریع و بدون درد با تکنولوژی روز,ایمپلنت دیجیتال با بهره‌گیری از فناوری اسکن سه‌بعدی و طراحی CAD/CAM، روشی دقیق، سریع و کم‌تهاجمی برای جایگزینی دندان‌های از دست رفته است. با مزایا، مراحل و مراقبت‌های آن آشنا شوید.,index,ایمپلنت دیجیتال,0
post,publish,14104,ایمپلنت دندان اقساطی | کاشت دندان با شرایط پرداخت ویژه در تبریز و تهران,https://dralirezasadighi.com/ایمپلنت-دندان-اقساطی/,ایمپلنت-دندان-اقساطی,2025-02-18 13:22:37,2025-04-30 19:21:28,3322,True,True,False,14105,blog|ایمپلنت|جراحی دندان,ایمپلنت اقساطی|ایمپلنت دندان اقساطی,ایمپلنت دندان اقساطی | کاشت دندان با پرداخت اقساطی در تبریز و تهران,با خدمات ایمپلنت دندان اقساطی در کلینیک دکتر علیرضا صدیقی، بدون دغدغه مالی صاحب دندان‌هایی دائمی شوید. کاشت دندان با برندهای معتبر و اقساط بلندمدت در تهران و تبریز.,index,ایمپلنت دندان اقساطی,0
post,publish,14109,جراحی برجستگی پیشانی: روش‌ها، مزایا و ملاحظات مهم,https://dralirezasadighi.com/جراحی-برجستگی-پیشانی/,جراحی-برجستگی-پیشانی,2025-02-24 00:30:26,2025-04-30 15:49:13,4415,True,True,False,14113,blog|مقالات,جراحی برجستگی پیشانی,جراحی برجستگی پیشانی: راهکارهای مؤثر برای بهبود تناسب صورت​,در این مقاله، روش‌های جراحی برای اصلاح برجستگی پیشانی، مزایا، مراقبت‌های قبل و بعد از عمل و هزینه‌های آن بررسی می‌شود تا به شما در تصمیم‌گیری آگاهانه کمک کند.​,index,"جراحی برجستگی پیشانی,برجستگی پیشانی",0
post,publish,14118,ایمپلنت دندان در تعطیلات عید در تبریز؛ راهنمای کامل کاشت دندان در نوروز,https://dralirezasadighi.com/ایمپلنت-دندان-در-تعطیلات-عید-در-تبریز/,ایمپلنت-دندان-در-تعطیلات-عید-در-تبریز,2025-03-16 15:53:15,2025-04-30 14:54:42,3920,True,True,False,14119,blog|ایمپلنت,ایمپلنت دندان در تعطیلات عید در تبریز,ایمپلنت دندان در تعطیلات عید در تبریز | راهنمای کامل کاشت دندان در نوروز,در این مقاله جامع، با مراحل، مزایا، هزینه‌ها و بهترین کلینیک‌های ایمپلنت دندان در تعطیلات عید در تبریز آشنا شوید. برای اطلاعات بیشتر و رزرو نوبت کلیک کنید.,index,ایمپلنت دندان در تعطیلات عید در تبریز,0
post,publish,14123,ایمپلنت سوئیسی دیجیتالی؛ بهترین روش جایگزینی دندان از دست رفته | دکتر صدیقی,https://dralirezasadighi.com/ایمپلنت-سوئیسی-دیجیتالی/,ایمپلنت-سوئیسی-دیجیتالی,2025-03-18 19:10:39,2025-04-30 13:52:46,4184,True,True,False,14105,blog|ایمپلنت|جراحی دندان,ایمپلنت سوئیسی دیجیتالی,ایمپلنت سوئیسی دیجیتالی اشترومن | کاشت دندان دقیق و مطمئن با دکتر صدیقی,کاشت دندان با ایمپلنت سوئیسی دیجیتالی اشترومن با دقت بالا، ماندگاری طولانی و کمترین عوارض. انجام توسط دکتر علیرضا صدیقی، متخصص فک و صورت در تهران و تبریز.,index,ایمپلنت سوئیسی دیجیتالی,0
post,publish,14126,تفاوت کشیدن دندان و جراحی دندان عقل | بررسی کامل و علمی,https://dralirezasadighi.com/تفاوت-کشیدن-دندان-و-جراحی-دندان-عقل/,تفاوت-کشیدن-دندان-و-جراحی-دندان-عقل,2025-03-18 19:14:46,2025-04-29 23:51:46,3428,True,True,False,14127,blog|جراحی دندان|جراحی دندان عقل,تفاوت کشیدن و جراحی دندان|جراحی دندان عقل|جراحی دندان نهفته|درد بعد از کشیدن دندان|دندانپزشک متخصص|دندانپزشکی|کشیدن دندان|کشیدن دندان عقل|مراقبت‌های بعد از جراحی دندان عقل|مراقبت‌های بعد از کشیدن دندان,تفاوت کشیدن دندان و جراحی دندان عقل | مقایسه کامل مراحل، درد و مراقبت‌ها,"تفاوت کشیدن دندان و جراحی دندان عقل چیست؟ در این مقاله با مراحل، مراقبت‌ها، زمان نقاهت و تفاوت‌های اساسی این دو روش دندانپزشکی آشنا شوید.

",index,"تفاوت کشیدن دندان و جراحی دندان عقل,کشیدن دندان",0
post,publish,14134,ایمپلنت فوری در تبریز: کاشت دندان در یک روز با تکنولوژی پیشرفته در کلینیک دکتر صدیقی,https://dralirezasadighi.com/ایمپلنت-فوری-در-تبریز/,ایمپلنت-فوری-در-تبریز,2025-03-23 03:08:31,2025-04-29 11:45:23,2374,True,True,False,14135,blog|ایمپلنت|جراحی دندان,ایمپلنت فوری در تبریز,ایمپلنت فوری در تبریز | کاشت دندان در یک روز با دکتر علیرضا صدیقی,کاشت ایمپلنت فوری در تبریز در یک روز بدون درد و با کمترین جلسات. راهی سریع، مؤثر و مطمئن برای بازگرداندن لبخند شما. همین حالا اقدام کنید!,index,ایمپلنت فوری در تبریز,0
post,publish,14138,جراحی دندان عقل با بیهوشی در تبریز؛ تجربه‌ای بدون درد با دکتر علیرضا صدیقی,https://dralirezasadighi.com/جراحی-دندان-عقل-با-بیهوشی-در-تبریز/,جراحی-دندان-عقل-با-بیهوشی-در-تبریز,2025-03-24 20:18:58,2025-04-29 01:48:29,2546,True,True,False,14139,blog|جراحی دندان|جراحی دندان عقل,جراحی دندان عقل با بیهوشی در تبریز,جراحی دندان عقل با بیهوشی در تبریز | تجربه‌ای بدون درد با دکتر علیرضا صدیقی,انجام جراحی دندان عقل با بیهوشی در تبریز با دکتر علیرضا صدیقی، بدون درد و استرس! آشنایی با مراحل جراحی، مراقبت‌ها و هزینه‌ها در کلینیک تخصصی دکتر صدیقی.,index,جراحی دندان عقل با بیهوشی در تبریز,0
post,publish,14141,جراحی فک نی نی سایت؛ تجربه‌ای موفق با روش‌های دیجیتال دکتر علیرضا صدیقی,https://dralirezasadighi.com/جراحی-فک-نی-نی-سایت/,جراحی-فک-نی-نی-سایت,2025-03-25 21:26:45,2026-05-29 00:39:56,5611,True,True,False,14142,blog|جراحی فک,جراحی فک نی نی سایت|جراحی فک نی نی سایت؛ تجربه‌ای موفق با روش‌های دیجیتال دکتر علیرضا صدیقی,جراحی فک نی نی سایت؛ تجربه بیماران + پاسخ علمی دکتر علیرضا صدیقی,دنبال تجربه جراحی فک نی نی سایت هستید؟ این راهنمای تخصصی درباره درد، تورم، بی‌حسی، دوره نقاهت، هزینه و روش‌های دیجیتال جراحی فک در کلینیک دکتر علیرضا صدیقی است.,index,"جراحی فک نی نی سایت,تجربه جراحی فک,جراحی فک ارتوگناتیک",0
post,publish,14557,فیزیوتراپی بعد از جراحی فک: چرا ضروری است و چه مزایایی دارد؟,https://dralirezasadighi.com/فیزیوتراپی-بعد-از-جراحی-فک/,فیزیوتراپی-بعد-از-جراحی-فک,2025-05-12 19:57:44,2025-05-12 20:11:05,4121,True,True,False,14561,blog|جراحی فک|مقالات,انواع جراحی فک|جراحی فک|نحوه فیزیوتراپی فک: تمرینات و توصیه‌ها,فیزیوتراپی بعد از جراحی فک | ضرورت، مزایا و تمرینات مؤثر,فیزیوتراپی بعد از جراحی فک مرحله‌ای کلیدی در روند بهبودی است. در این مقاله با فواید فیزیوتراپی فک، تمرینات مهم و نکات تخصصی مراقبتی آشنا شوید.,,فیزیوتراپی بعد از جراحی فک,0
post,publish,14564,ایمپلنت دندان چیست و چگونه عمل می‌کند؟,https://dralirezasadighi.com/ایمپلنت-دندان-چیست/,ایمپلنت-دندان-چیست,2025-05-12 22:35:39,2025-05-12 22:52:42,4962,True,True,False,14568,blog|ایمپلنت|مقالات,ایمپلنت|ایمپلنت دندان|ایمپلنت دندان چیست,ایمپلنت دندان چیست و چگونه عمل می‌کند؟ بررسی شرایط کاندید مناسب,ایمپلنت دندان چیست؟ ایمپلنت دندان یکی از بهترین روش‌های جایگزینی دندان از دست‌رفته است. در این مقاله با نحوه عملکرد ایمپلنت، شرایط لازم، محدودیت‌ها و گزینه‌های جایگزین آشنا شوید.,,ایمپلنت دندان چیست,0
post,publish,14574,عوارض ایمپلنت دندان: واقعیت یا نگرانی بی‌مورد؟,https://dralirezasadighi.com/عوارض-ایمپلنت-دندان/,عوارض-ایمپلنت-دندان,2025-05-13 01:15:05,2025-05-13 01:21:56,4053,True,True,False,14578,blog|ایمپلنت|مراقبت بعد از جراحی ایمپلنت|مقالات,ایمپلنت|ایمپلنت دندان|عوارض ایمپلنت,بررسی عوارض ایمپلنت دندان و راه‌های پیشگیری | دکتر علیرضا صدیقی,آیا عوارض ایمپلنت دندان نگران‌کننده است؟ در این مقاله به بررسی تخصصی عوارض احتمالی ایمپلنت و راهکارهای جلوگیری از آن با نظارت دکتر علیرضا صدیقی می‌پردازیم.,,عوارض ایمپلنت دندان,0
post,publish,14580,بهترین دندانپزشک برای ایمپلنت دندان در تبریز؛ انتخابی که لبخند شما را تضمین می‌کند,https://dralirezasadighi.com/بهترین-دندانپزشک-برای-ایمپلنت-دندان-د/,بهترین-دندانپزشک-برای-ایمپلنت-دندان-د,2025-05-13 20:51:38,2025-05-13 21:02:39,4499,True,True,False,14585,blog|ایمپلنت|دندانپزشک|مقالات,ایمپلنت دندان|بهترین دندانپزشک ایمپلنت تبریز|دندانپزشک تبریز,بهترین دندانپزشک برای ایمپلنت دندان در تبریز | درمانی حرفه‌ای با لبخند ماندگار,به دنبال بهترین دندانپزشک برای ایمپلنت دندان در تبریز هستید؟ با خدمات دکتر علیرضا صدیقی، لبخندتان را با اطمینان بازسازی کنید. بدون درد، با تکنولوژی روز و با قیمت مناسب.,,بهترین دندانپزشک برای ایمپلنت دندان در تبریز,0
post,publish,14594,ایمپلنت دندان در تبریز؛ پرسش‌های پرتکرار بیماران و پاسخ‌های تخصصی دکتر علیرضا صدیقی,https://dralirezasadighi.com/ایمپلنت-دندان-در-تبریز-پرسش-پاسخ/,ایمپلنت-دندان-در-تبریز-پرسش-پاسخ,2025-05-13 23:14:07,2025-05-14 00:00:13,4963,True,True,False,14605,blog|ایمپلنت|دندانپزشک|سوالات متداول,انواع ایمپلنت در تبریز|ایمپلنت دندان|بهترین دندانپزشک ایمپلنت تبریز,ایمپلنت دندان در تبریز | پاسخ به رایج‌ترین سوالات بیماران توسط دکتر صدیقی,به‌دنبال ایمپلنت دندان در تبریز هستید؟ در این مقاله، دکتر علیرضا صدیقی به ۱۰ سؤال مهم بیماران درباره ایمپلنت پاسخ می‌دهد؛ از مراحل، قیمت، درد تا بهترین زمان انجام.,,ایمپلنت دندان در تبریز,0
post,publish,14607,ایمپلنت در تهران از نگاه بیماران؛ مقایسه واقعی بین مراکز درمانی معتبر,https://dralirezasadighi.com/ایمپلنت-در-تهران/,ایمپلنت-در-تهران,2025-05-14 01:00:57,2025-05-14 01:40:39,5189,True,True,False,14613,blog|ایمپلنت|دندانپزشک|مقالات,ایمپلنت|ایمپلنت در تهران|بهترین جراح ایمپلنت دندان,ایمپلنت در تهران | بررسی و مقایسه تخصصی مراکز معتبر ایمپلنت,ایمپلنت در تهران با بهترین متخصصین و پیشرفته‌ترین تجهیزات. مقایسه مراکز معتبر، بررسی قیمت‌ها و معرفی کلینیک دکتر علیرضا صدیقی با امکان اقساط.,,"ایمپلنت در تهران,بهترین مرکز ایمپلنت در تهران",0
post,publish,14616,ایمپلنت اقساطی در تهران برای همه؛ از دغدغه مالی تا لبخند سالم در کنار بهترین متخصصین,https://dralirezasadighi.com/ایمپلنت-اقساطی-در-تهران/,ایمپلنت-اقساطی-در-تهران,2025-05-14 19:40:27,2025-05-14 20:12:29,5123,True,True,False,14622,blog|ایمپلنت|دندانپزشک|سوالات متداول|مقالات,ایمپلنت|ایمپلنت اقساطی در تهران|دندانپزشک,ایمپلنت اقساطی در تهران با کیفیت بالا | مشاوره رایگان در کلینیک دکتر صدیقی,نگران هزینه‌های ایمپلنت نباشید! ایمپلنت اقساطی در تهران در کلینیک دکتر علیرضا صدیقی. با شرایط اقساطی بدون سود، لبخندی ماندگار تجربه کنید.,,"ایمپلنت اقساطی در تهران,ایمپلنت قسط,قیمت ایمپلنت اقساطی,ایمپلنت در تهران,بهترین کلینیک ایمپلنت",0
post,publish,14624,طول عمر ایمپلنت دندان چقدر است؟ بررسی جامع عوامل مؤثر در ماندگاری و دوام ایمپلنت در تهران,https://dralirezasadighi.com/طول-عمر-ایمپلنت-دندان/,طول-عمر-ایمپلنت-دندان,2025-05-16 17:43:59,2025-05-16 18:06:25,6184,True,True,False,14629,blog|ایمپلنت|مقالات,ایمپلنت تضمینی با ماندگاری بالا|ایمپلنت دندان,طول عمر ایمپلنت دندان در تهران | عوامل موثر و نکات مهم برای دوام بیشتر,مقاله‌ای جامع درباره طول عمر ایمپلنت دندان، عوامل موثر بر دوام آن، مراقبت‌های لازم و مقایسه با روش‌های جایگزین در تهران. با کلینیک دکتر علیرضا صدیقی، بهترین انتخاب برای ایمپلنت.,,طول عمر ایمپلنت دندان,0
post,publish,14693,ایمپلنت دندان؛ بازسازی عملکرد و زیبایی لبخند با جدیدترین تکنولوژی روز,https://dralirezasadighi.com/ایمپلنت-دندان-قیمت-ایمپلنت-دندان/,ایمپلنت-دندان-قیمت-ایمپلنت-دندان,2025-07-22 23:05:52,2025-07-22 23:31:35,7917,True,True,False,,دسته بندی نشده,,ایمپلنت دندان | هزینه، مزایا، مراقبت‌ها و بهترین متخصص در تهران,ایمپلنت دندان، روش استاندارد جایگزینی دندان‌های از دست‌رفته است. قیمت ایمپلنت، ویژگی‌های متخصص حرفه‌ای در تهران، مزایا، مراقبت‌ها و پاسخ به سؤالات رایج را بخوانید.,,"ایمپلنت دندان,قیمت ایمپلنت دندان,متخصص ایمپلنت در تهران,عوارض ایمپلنت دندان",0
post,publish,14707,جراحی جلوآمدگی فک پایین | درمان جلو بودن فک پایین و اصلاح ناهنجاری فک + عکس قبل و بعد,https://dralirezasadighi.com/جراحی-جلوآمدگی-فک-پایین-2/,جراحی-جلوآمدگی-فک-پایین-2,2025-08-09 15:27:59,2025-08-09 15:33:33,10084,True,True,False,14716,blog|جراحی چانه|جراحی فک|مقالات,جراحی جلوآمدگی فک پایین|جراحی فک|متخصص جراحی فک تبریز|متخصص جراحی فک تهران,جراحی جلوآمدگی فک پایین | درمان تخصصی و اصلاح ناهنجاری فک با روش ارتوگناتیک,آیا از جلو بودن فک پایین رنج می‌برید؟ در این مقاله جامع با روش‌های درمان، مراحل جراحی ارتوگناتیک و مراقبت‌های بعد از عمل آشنا شوید. مشاوره تخصصی و تجربه واقعی بیماران در کلینیک دکتر علیرضا صدیقی.,,"جراحی جلوآمدگی فک پایین,جلو بودن فک پایین,جراحی ارتوگناتیک فک پایین,اصلاح ناهنجاری فک",0
post,publish,14719,جراحی زیبایی بینی | راهنمای کامل عمل بینی طبیعی با بهترین نتایج,https://dralirezasadighi.com/جراحی-زیبایی-بینی/,جراحی-زیبایی-بینی,2025-08-12 17:03:54,2025-08-12 17:24:48,7775,True,True,False,14732,blog|جراحی بینی,جراحی بینی|عمل زیبایی|عمل زیبایی بینی,جراحی زیبایی بینی | تکنیک‌ها، مراحل و مراقبت‌ها با دکتر علیرضا صدیقی,جراحی زیبایی بینی با جدیدترین تکنیک‌ها توسط دکتر علیرضا صدیقی. بررسی مراحل، مراقبت‌ها و نکات مهم برای داشتن بینی طبیعی و زیبا.,,"جراحی زیبایی بینی,عمل بینی,رینوپلاستی,جراحی بینی طبیعی",0
post,publish,14735,جراحی بازسازی نواقص صورت: بازگرداندن زیبایی، عملکرد و اعتماد به نفس,https://dralirezasadighi.com/جراحی-بازسازی-نواقص-صورت-بازگرداندن/,جراحی-بازسازی-نواقص-صورت-بازگرداندن,2025-08-22 16:13:22,2026-05-18 03:58:22,5735,True,True,False,14736,blog|بازسازی نواقص صورت,بازسازی نواقص صورت|بهترین دکتر بازسازی نواقص صورت,بازسازی نواقص صورت | جراحی پلاستیک و بازگرداندن ظاهر طبیعی,بازسازی نواقص صورت با جراحی پلاستیک، بازگرداندن زیبایی و عملکرد طبیعی اعضای صورت. مشاوره با متخصص جراحی پلاستیک دکتر علیرضا صدیقی.,,"بازسازی نواقص صورت,جراحی پلاستیک,بازسازی صورت,متخصص جراحی پلاستیک",0
post,publish,14763,مراقبت های قبل و بعد از جراحی سینوس لیفت | راهنمای کامل بیماران,https://dralirezasadighi.com/sinus-lift-surgery-pre-post-care-guide/,sinus-lift-surgery-pre-post-care-guide,2026-02-24 16:35:43,2026-02-24 17:10:50,3183,True,True,False,14771,سینوس لیفت,,مراقبت های بعد از جراحی سینوس لیفت در تبریز (بایدها و نبایدها),راهنمای کامل مراقبت های بعد از جراحی سینوس لیفت و قبل از آن، نحوه صحیح شست‌وشوی بینی، لیست داروها و نکات ممنوعه برای جلوگیری از عوارض. دکتر علیرضا صدیقی.,,"مراقبت های بعد از جراحی سینوس لیفت,عوارض سینوس لیفت,ترمیم غشای سینوس,جراحی بالابردن کف سینوس",0
post,publish,14781,عمل بینی اروپایی چیست و برای چه چهره‌هایی مناسب است؟,https://dralirezasadighi.com/european-nose-job/,european-nose-job,2026-05-11 02:01:57,2026-05-11 03:30:34,9799,True,True,False,14783,جراحی بینی|جراحی زیبایی,عمل بینی، بینی اروپایی,عمل بینی اروپایی چیست و برای چه چهره‌هایی مناسب است؟ | دکتر علیرضا صدیقی,عمل بینی اروپایی چیست و چه تفاوتی با بینی عروسکی دارد؟ در این مقاله، مدل بینی اروپایی، ویژگی‌ها، مزایا، محدودیت‌ها و مناسب‌ترین نوع چهره برای این سبک جراحی را با توضیحات تخصصی دکتر علیرضا صدیقی، جراح فک، صورت و زیبایی بینی در تبریز و تهران، بررسی می‌کنیم تا تصمیمی مطمئن‌تر برای عمل بینی خود بگیرید.,,"عمل بینی اروپایی,مدل بینی اروپایی,عمل بینی مدل اروپایی,بینی مدل اروپایی طبیعی",0
post,publish,14791,ایمپلنت اقساطی؛ راه‌حل منطقی برای بیمارانی که نگران هزینه هستند,https://dralirezasadighi.com/installment-dental-implant/,installment-dental-implant,2026-05-11 20:52:52,2026-05-13 00:19:09,9177,True,True,False,14792,ایمپلنت|دندانپزشک,ایمپلنت|ایمپلنت اقساطی,ایمپلنت اقساطی؛ راه‌حل منطقی برای بیمارانی که نگران هزینه هستند | دکتر علیرضا صدیقی,"اگر به‌دنبال ایمپلنت دندان هستید اما نگران هزینه هستید، ایمپلنت اقساطی می‌تواند یک راه‌حل منطقی و ایمن باشد. 
در این مقاله، با نگاه علمی و صادقانه، شرایط ایمپلنت اقساطی، تفاوت آن با ایمپلنت نقد، مزایا و ریسک‌ها، و نحوه برنامه‌ریزی مالی درست در کلینیک دکتر علیرضا صدیقی (تبریز و تهران) را بررسی می‌کنیم.",,"ایمپلنت اقساطی,ایمپلنت اقساطی در تبریز,ایمپلنت اقساطی در تهران,ایمپلنت دندان",0
post,publish,14803,چطور بهترین متخصص ایمپلنت را انتخاب کنیم؟ راهنمای کامل بیمار از مشاوره تا جراحی,https://dralirezasadighi.com/best-dental-implant-specialist/,best-dental-implant-specialist,2026-05-12 19:34:10,2026-05-12 23:32:10,10038,True,True,False,14807,ایمپلنت|دندانپزشک,ایمپلنت|بهترین متخصص ایمپلنت,چطور بهترین متخصص ایمپلنت را انتخاب کنیم؟ راهنمای کامل بیمار | کلینیک دکتر علیرضا صدیقی,انتخاب بهترین متخصص ایمپلنت تصمیم کوچکی نیست. در این مقاله، معیارهای حرفه‌ای انتخاب دندانپزشک، از مدارک و تجربه تا نمونه‌کار و رضایت بیماران را بررسی می‌کنیم و در پایان، استانداردهای کلینیک دکتر علیرضا صدیقی در تبریز و تهران را توضیح می‌دهیم.,,"بهترین متخصص ایمپلنت,انتخاب متخصص ایمپلنت,بهترین متخصص ایمپلنت در تبریز,چطور بهترین متخصص ایمپلنت را انتخاب کنیم",0
post,publish,14832,مشاوره هزینه ایمپلنت دندان در تبریز توسط دکتر علیرضا صدیقی در کلینیک تخصصی,https://dralirezasadighi.com/implant-cost-tabriz/,implant-cost-tabriz,2026-05-17 22:37:38,2026-05-18 02:01:25,11213,True,True,False,14833,ایمپلنت|دندانپزشک,ایمپلنت|بهترین متخصص ایمپلنت,هزینه ایمپلنت دندان در تبریز | راهنمای کامل + استعلام دقیق,هزینه ایمپلنت دندان در تبریز به عوامل زیادی بستگی دارد. قیمت جهانی، تفاوت برندها (از جمله اشترومن) و روش استعلام هزینه دقیق را بخوانید.,,"هزینه ایمپلنت دندان در تبریز,قیمت ایمپلنت در تبریز,هزینه ایمپلنت سوئیسی,ایمپلنت اشترومن,هزینه ایمپلنت کره‌ای",0
post,publish,14881,مراقبت‌های بعد از جراحی چانه (جنیوپلاستی),https://dralirezasadighi.com/genioplasty-aftercare/,genioplasty-aftercare,2026-06-02 01:06:55,2026-06-02 01:16:14,1249,True,True,False,14886,مراقبت بعد از جراحی ایمپلنت|مراقبت های بعد از عمل,جراحی چانه|جینوپلاستی|مراقبت های بعد از جراحی چانه,,,index,,0
post,publish,14903,مراقبت‌های قبل و بعد از جراحی سینوس لیفت | راهنمای کامل بیماران,https://dralirezasadighi.com/sinus-lift-care/,sinus-lift-care,2026-06-08 19:44:50,2026-06-11 15:05:25,3217,True,True,False,14904,مراقبت بعد از جراحی ایمپلنت|مراقبت های بعد از عمل,جراحی چانه|جینوپلاستی|مراقبت های بعد از جراحی چانه,,,index,,0
post,publish,14936,لیفت گلایدینگ ابرو؛ روشی نوین برای جوانسازی طبیعی پیشانی و ابرو,https://dralirezasadighi.com/eyebrow-gliding-lift/,eyebrow-gliding-lift,2026-07-14 15:28:31,2026-07-14 15:32:23,10158,True,True,False,14937,لیفت ابرو یا شقیقه|لیفت صورت,ایمپلنت|بهترین متخصص ایمپلنت,لیفت گلایدینگ ابرو | روشی نوین برای لیفت طبیعی پیشانی و ابرو,لیفت گلایدینگ ابرو یک روش جراحی نوین برای بالا بردن ابرو، کاهش افتادگی پیشانی و جوانسازی طبیعی قسمت فوقانی صورت است. در این مقاله با کاندیدهای مناسب، مزایا، تفاوت با لیفت با نخ، مراقبت‌ها و عوارض احتمالی این روش آشنا می‌شوید.,,"لیفت گلایدینگ ابرو,لیفت پیشانی و ابرو,جراحی لیفت گلایدینگ ابرو",0
post,publish,14950,انتخاب بهترین جراح بینی در تبریز؛ راهنمای تخصصی با رویکرد دکتر علیرضا صدیقی,https://dralirezasadighi.com/best-rhinoplasty-surgeon-tabriz/,best-rhinoplasty-surgeon-tabriz,2026-07-31 22:43:29,2026-07-31 22:54:54,9820,True,True,False,14960,جراحی زیبایی|جراحی زیبایی بینی,ایمپلنت|بهترین متخصص ایمپلنت,بهترین جراح بینی در تبریز | راهنمای انتخاب + دکتر علیرضا صدیقی,به دنبال بهترین جراح بینی در تبریز هستید؟ در این راهنمای تخصصی، معیارهای علمی انتخاب جراح بینی، نکات مهم قبل از عمل و رویکرد دکتر علیرضا صدیقی را بخوانید.,,"بهترین جراح بینی در تبریز,جراح بینی در تبریز,بهترین متخصص جراحی بینی در تبریز,متخصص جراحی بینی تبریز",0
page,draft,8,درباره ما 1,https://dralirezasadighi.com/?page_id=8,about-1,2018-11-06 07:01:29,2023-12-23 18:06:51,3197,True,True,False,,,,,,index,,0
page,publish,133,درباره ما,https://dralirezasadighi.com/about-us/,about-us,2018-11-07 12:33:51,2024-07-23 18:10:37,14669,True,True,False,,,,,,index,,0
page,publish,644,خدمات ما,https://dralirezasadighi.com/دکتر-علیرضا-صدیقی-2/,دکتر-علیرضا-صدیقی-2,2018-11-14 12:07:19,2024-12-04 14:51:51,0,False,False,False,,,,,دکتر علیرضا صدیقی یکی از برجسته‌ترین جراحان فک و صورت و پلاستیک بینی است که با تخصص خود در این زمینه،شناخت فراوانی را به دست آورده است.,index,دکتر علیرضا صدیقی,0
page,publish,656,تماس با ما,https://dralirezasadighi.com/contact/,contact,2018-11-14 12:10:50,2024-04-08 01:11:49,8033,True,True,False,,,,,,index,,0
page,publish,660,خدمات ما,https://dralirezasadighi.com/خدمات-ما/,خدمات-ما,2018-11-15 06:25:55,2023-12-20 13:36:09,6465,True,True,False,,,,,,index,,0
page,publish,675,سوالات متداول بلفاروپلاستی,https://dralirezasadighi.com/سوالات-متداول-بلفاروپلاستی/,سوالات-متداول-بلفاروپلاستی,2018-11-15 09:47:24,2023-12-23 19:07:01,4383,True,True,False,,,,,,index,,0
page,publish,686,فرم وقت ملاقات,https://dralirezasadighi.com/appointment-form/,appointment-form,2018-11-15 10:04:55,2022-09-18 23:22:18,308,True,True,False,,,,,,index,,0
page,publish,3270,دکتر علیرضا صدیقی,https://dralirezasadighi.com/,دکتر-علیرضا-صدیقی,2021-11-02 11:25:10,2026-06-08 21:24:56,3233,True,True,True,,,,,دکتر علیرضا صدیقی یکی از برجسته‌ترین جراحان فک و صورت و پلاستیک بینی است که با تخصص خود در این زمینه،شناخت فراوانی را به دست آورده است.,index,دکتر علیرضا صدیقی,0
page,draft,3557,Refund and Returns Policy,https://dralirezasadighi.com/?page_id=3557,refund_returns,2021-08-23 13:01:11,2021-08-23 13:01:11,3331,True,False,False,,,,,,index,,0
page,draft,6053,مراقبت های بعد از عمل,https://dralirezasadighi.com/?page_id=6053,,2023-03-17 15:50:31,2023-03-17 15:50:31,36,True,True,False,,,,,,index,,0
page,publish,6058,جراحی دندان,https://dralirezasadighi.com/جراحی-دندان/,جراحی-دندان,2023-03-17 15:52:11,2023-04-12 00:03:28,2136,True,True,False,,,,,,index,,0
page,publish,6064,جراحی ایمپلنت,https://dralirezasadighi.com/جراحی-ایمپلنت/,جراحی-ایمپلنت,2023-03-17 15:52:39,2023-04-27 14:31:29,941,True,False,False,,,,,,index,,0
page,publish,6087,تازه های فک و صورت,https://dralirezasadighi.com/تازه-های-فک-و-صورت/,تازه-های-فک-و-صورت,2023-03-18 14:03:26,2023-04-02 03:13:14,420,True,True,False,,,,,,index,,0
page,publish,6290,سوالات متداول ( ایمپلنت ),https://dralirezasadighi.com/سوالات-متداول-ایمپلنت/,سوالات-متداول-ایمپلنت,2023-03-28 23:22:22,2023-12-23 19:06:50,6382,True,True,False,,,,,,index,,0
page,publish,6508,جراحی بلفاروپلاستی,https://dralirezasadighi.com/جراحی-بلفاروپلاستی/,جراحی-بلفاروپلاستی,2023-04-27 14:08:15,2023-04-27 14:22:50,1376,True,False,False,,,,,,index,,0
page,publish,7024,خدمات زیبایی,https://dralirezasadighi.com/خدمات-زیبایی/,خدمات-زیبایی,2023-12-21 15:46:12,2025-01-21 18:53:38,5027,True,True,False,,,,,,index,,0
page,publish,7026,جراحی فک و دندان,https://dralirezasadighi.com/جراحی-فک-و-دندان/,جراحی-فک-و-دندان,2023-12-21 15:46:29,2024-07-23 18:23:59,3650,True,True,False,,,,,,index,,0
page,publish,7212,بلفاروپلاستی,https://dralirezasadighi.com/بلفاروپلاستی/,بلفاروپلاستی,2023-12-22 13:43:37,2023-12-23 13:49:23,13298,True,True,False,,,,,,index,,0
page,publish,7213,زیبایی بینی,https://dralirezasadighi.com/زیبایی-بینی/,زیبایی-بینی,2023-12-22 13:43:38,2024-07-23 18:42:43,5285,True,True,False,,,,,,index,,0
page,publish,13318,صفحه اصلی,https://dralirezasadighi.com/صفحه-اصلی/,صفحه-اصلی,2021-11-02 11:25:10,2024-11-30 16:21:46,3979,True,True,True,,,,,,index,,0
page,publish,7214,بوتاکس,https://dralirezasadighi.com/بوتاکس/,بوتاکس,2023-12-22 13:43:39,2024-07-23 18:45:19,5097,True,True,False,,,,,,index,,0
page,publish,7215,تزریق فیلر,https://dralirezasadighi.com/تزریق-فیلر/,تزریق-فیلر,2023-12-22 13:43:40,2024-07-23 18:47:02,5308,True,True,False,,,,,,index,,0
page,publish,7216,پروتز گونه,https://dralirezasadighi.com/پروتز-گونه/,پروتز-گونه,2023-12-22 13:43:41,2024-07-23 18:49:43,5129,True,True,False,,,,,,index,,0
page,publish,7217,بوکال فت,https://dralirezasadighi.com/بوکال-فت/,بوکال-فت,2023-12-22 13:43:42,2024-07-23 18:52:03,5063,True,True,False,,,,,,index,,0
page,publish,7218,ساکشن غبغب,https://dralirezasadighi.com/ساکشن-غبغب/,ساکشن-غبغب,2023-12-22 13:43:43,2024-07-23 18:57:23,4160,True,True,False,,,,,,index,,0
page,publish,7226,لیفت ابرو و شقیقه,https://dralirezasadighi.com/لیفت-ابرو-و-شقیقه/,لیفت-ابرو-و-شقیقه,2023-12-22 13:46:29,2024-07-23 18:54:40,5201,True,True,False,,,,,,index,,0
page,publish,7227,لیفت صورت,https://dralirezasadighi.com/لیفت-صورت/,لیفت-صورت,2023-12-22 13:46:30,2024-07-23 18:52:38,5086,True,True,False,,,,,,index,,0
page,publish,7228,بازسازی نواقص صورت,https://dralirezasadighi.com/بازسازی-نواقص-صورت/,بازسازی-نواقص-صورت,2023-12-22 13:46:31,2024-07-23 18:57:29,4160,True,True,False,,,,,,index,,0
page,publish,7229,جراحی ایمپلنت,https://dralirezasadighi.com/جراحی-ایمپلنت-2/,جراحی-ایمپلنت-2,2023-12-22 13:46:32,2024-08-01 17:33:04,4160,True,True,False,,,,,,index,,0
page,publish,7230,جراحی فک,https://dralirezasadighi.com/جراحی-فک-2/,جراحی-فک-2,2023-12-22 13:46:33,2024-08-01 17:42:13,7367,True,True,False,8306,,,,,index,,0
page,publish,7236,جراحی دندان عقل,https://dralirezasadighi.com/جراحی-دندان-عقل/,جراحی-دندان-عقل,2023-12-22 13:47:52,2024-08-01 17:34:00,4160,True,True,False,,,,,,index,,0
page,publish,7237,جراحی دندان نهفته,https://dralirezasadighi.com/جراحی-دندان-نهفته/,جراحی-دندان-نهفته,2023-12-22 13:47:53,2024-08-01 17:41:07,4160,True,True,False,,,,,,index,,0
page,publish,7398,نمونه درمان,https://dralirezasadighi.com/نمونه-درمان/,نمونه-درمان,2023-12-23 13:50:13,2024-08-01 19:24:53,3735,True,True,False,,,,,,index,,0
page,publish,7805,مراقبت های قبل و بعد از جراحی,https://dralirezasadighi.com/مراقبت-های-قبل-از-جراحی/,مراقبت-های-قبل-از-جراحی,2024-03-17 23:05:42,2024-03-18 08:37:40,180,True,True,False,,,,,,index,,0
